fips,state,county,pct_adherents,congregations,cong_per_100k,largest_body,diversity_index
01001,Alabama,Autauga County,51.44,110,187.1,Southern Baptist Convention,1001
01003,Alabama,Baldwin County,53.65,285,123,Southern Baptist Convention,1003
01005,Alabama,Barbour County,68.71,93,368.7,Southern Baptist Convention,1005
01007,Alabama,Bibb County,48.84,81,363.3,Southern Baptist Convention,1007
01009,Alabama,Blount County,57.32,145,245.2,Southern Baptist Convention,1009
01011,Alabama,Bullock County,47.25,43,415.2,Southern Baptist Convention,1011
01013,Alabama,Butler County,61.13,89,467.2,Southern Baptist Convention,1013
01015,Alabama,Calhoun County,71.84,286,245.6,Southern Baptist Convention,1015
01017,Alabama,Chambers County,55.74,120,345.1,Southern Baptist Convention,1017
01019,Alabama,Cherokee County,50.26,89,356.4,Southern Baptist Convention,1019
01021,Alabama,Chilton County,73.67,133,295.5,Southern Baptist Convention,1021
01023,Alabama,Choctaw County,61.48,76,600.1,Southern Baptist Convention,1023
01025,Alabama,Clarke County,75.67,112,485.1,Southern Baptist Convention,1025
01027,Alabama,Clay County,68.66,71,498.7,Southern Baptist Convention,1027
01029,Alabama,Cleburne County,78.57,66,438.4,Southern Baptist Convention,1029
01031,Alabama,Coffee County,69.34,126,235.7,Southern Baptist Convention,1031
01033,Alabama,Colbert County,60.31,142,248.1,Southern Baptist Convention,1033
01035,Alabama,Conecuh County,43.49,56,482.9,Southern Baptist Convention,1035
01037,Alabama,Coosa County,47.18,38,365.8,Southern Baptist Convention,1037
01039,Alabama,Covington County,57.85,118,314.1,Southern Baptist Convention,1039
01041,Alabama,Crenshaw County,60.95,62,469.9,Southern Baptist Convention,1041
01043,Alabama,Cullman County,62.61,224,254.9,Southern Baptist Convention,1043
01045,Alabama,Dale County,50.35,112,227.1,Southern Baptist Convention,1045
01047,Alabama,Dallas County,55.11,128,332.8,Southern Baptist Convention,1047
01049,Alabama,DeKalb County,63.21,202,282.1,Southern Baptist Convention,1049
01051,Alabama,Elmore County,46.18,146,166,Southern Baptist Convention,1051
01053,Alabama,Escambia County,65.52,115,312.9,Southern Baptist Convention,1053
01055,Alabama,Etowah County,81.06,251,242.7,Southern Baptist Convention,1055
01057,Alabama,Fayette County,60.33,90,551.4,Southern Baptist Convention,1057
01059,Alabama,Franklin County,62.53,101,314.5,Southern Baptist Convention,1059
01061,Alabama,Geneva County,57.65,92,345.1,Southern Baptist Convention,1061
01063,Alabama,Greene County,27.62,29,375.2,Southern Baptist Convention,1063
01065,Alabama,Hale County,53.93,61,412.6,Southern Baptist Convention,1065
01067,Alabama,Henry County,61.54,48,279.9,Southern Baptist Convention,1067
01069,Alabama,Houston County,84.18,225,209.9,Southern Baptist Convention,1069
01071,Alabama,Jackson County,53.87,156,296.7,Southern Baptist Convention,1071
01073,Alabama,Jefferson County,79.94,1202,178.1,Southern Baptist Convention,1073
01075,Alabama,Lamar County,69.6,85,608.4,Southern Baptist Convention,1075
01077,Alabama,Lauderdale County,66.26,224,239.4,Southern Baptist Convention,1077
01079,Alabama,Lawrence County,69.6,101,305.4,Southern Baptist Convention,1079
01081,Alabama,Lee County,35.79,193,110.8,Southern Baptist Convention,1081
01083,Alabama,Limestone County,52.3,183,176.7,Southern Baptist Convention,1083
01085,Alabama,Lowndes County,51.69,54,523.7,Southern Baptist Convention,1085
01087,Alabama,Macon County,59.63,79,404.5,"National Missionary Baptist Convention, Inc.",1087
01089,Alabama,Madison County,63.88,527,135.8,Southern Baptist Convention,1089
01091,Alabama,Marengo County,87.15,86,445.1,Southern Baptist Convention,1091
01093,Alabama,Marion County,55.97,98,334,Southern Baptist Convention,1093
01095,Alabama,Marshall County,64.64,217,222.3,Southern Baptist Convention,1095
01097,Alabama,Mobile County,72.97,656,158.1,Southern Baptist Convention,1097
01099,Alabama,Monroe County,65.68,80,404.6,Southern Baptist Convention,1099
01101,Alabama,Montgomery County,73.78,388,169.5,Southern Baptist Convention,1101
01103,Alabama,Morgan County,68.97,250,202.6,Southern Baptist Convention,1103
01105,Alabama,Perry County,54.91,47,552.2,Southern Baptist Convention,1105
01107,Alabama,Pickens County,69.63,99,517.7,Southern Baptist Convention,1107
01109,Alabama,Pike County,48.84,84,254.5,Southern Baptist Convention,1109
01111,Alabama,Randolph County,49.59,99,450.7,Southern Baptist Convention,1111
01113,Alabama,Russell County,61.04,125,211.2,Southern Baptist Convention,1113
01115,Alabama,St. Clair County,52.07,162,177.8,Southern Baptist Convention,1115
01117,Alabama,Shelby County,44.06,236,105.8,Southern Baptist Convention,1117
01119,Alabama,Sumter County,40.58,41,332.1,Southern Baptist Convention,1119
01121,Alabama,Talladega County,56.43,217,264.2,Southern Baptist Convention,1121
01123,Alabama,Tallapoosa County,73.11,139,336.5,Southern Baptist Convention,1123
01125,Alabama,Tuscaloosa County,49.21,320,140.9,Southern Baptist Convention,1125
01127,Alabama,Walker County,66.64,217,332.1,Southern Baptist Convention,1127
01129,Alabama,Washington County,65.53,75,487.4,Southern Baptist Convention,1129
01131,Alabama,Wilcox County,53.14,62,584.9,Southern Baptist Convention,1131
01133,Alabama,Winston County,58.23,74,314.4,Southern Baptist Convention,1133
02013,Alaska,Aleutians East Borough,41.67,9,263.2,Non-denominational Christian Churches,2013
02016,Alaska,Aleutians West Census Area,18.83,10,191.1,Orthodox Church in America,2016
02020,Alaska,Anchorage Municipality,37.64,350,120.2,Non-denominational Christian Churches,2020
02050,Alaska,Bethel Census Area,38.66,62,332.2,Orthodox Church in America,2050
02060,Alaska,Bristol Bay Borough,26.66,7,829.4,Non-denominational Christian Churches,2060
02063,Alaska,Chugach Census Area,36.23,24,337.9,Non-denominational Christian Churches,2063
02066,Alaska,Copper River Census Area,33.09,9,343.9,Non-denominational Christian Churches,2066
02068,Alaska,Denali Borough,37.8,7,432.4,Church of Jesus Christ of Latter-day Saints,2068
02070,Alaska,Dillingham Census Area,35.47,20,411.8,Orthodox Church in America,2070
02090,Alaska,Fairbanks North Star Borough,30.22,122,127.5,Non-denominational Christian Churches,2090
02100,Alaska,Haines Borough,30.77,10,480.8,Church of Jesus Christ of Latter-day Saints,2100
02105,Alaska,Hoonah-Angoon Census Area,19.24,12,507.4,Church of Jesus Christ of Latter-day Saints,2105
02110,Alaska,Juneau City and Borough,32.65,48,148.8,Catholic Church,2110
02122,Alaska,Kenai Peninsula Borough,42.97,136,231.3,Non-denominational Christian Churches,2122
02130,Alaska,Ketchikan Gateway Borough,31.44,25,179.2,Catholic Church,2130
02150,Alaska,Kodiak Island Borough,33.07,28,213.7,Catholic Church,2150
02158,Alaska,Kusilvak Census Area,67.51,24,286.8,Catholic Church,2158
02164,Alaska,Lake and Peninsula Borough,44.92,9,609.8,Orthodox Church in America,2164
02170,Alaska,Matanuska-Susitna Borough,30.54,137,127.9,Non-denominational Christian Churches,2170
02180,Alaska,Nome Census Area,34.17,33,328.5,Evangelical Lutheran Church in America,2180
02185,Alaska,North Slope Borough,14.54,17,154.1,Presbyterian Church (U.S.A.),2185
02188,Alaska,Northwest Arctic Borough,18.21,24,308,Episcopal Church,2188
02195,Alaska,Petersburg Borough,34.84,13,382.6,Evangelical Lutheran Church in America,2195
02198,Alaska,Prince of Wales-Hyder Census Area,31.53,24,417.2,Church of Jesus Christ of Latter-day Saints,2198
02220,Alaska,Sitka City and Borough,27.67,19,224.6,Catholic Church,2220
02230,Alaska,Skagway Municipality,22.18,4,322.6,Church of Jesus Christ of Latter-day Saints,2230
02240,Alaska,Southeast Fairbanks Census Area,33.09,30,440.7,Church of Jesus Christ of Latter-day Saints,2240
02275,Alaska,Wrangell City and Borough,36.86,11,517.2,Assemblies of God,2275
02282,Alaska,Yakutat City and Borough,61.33,4,604.2,Church of Jesus Christ of Latter-day Saints,2282
02290,Alaska,Yukon-Koyukuk Census Area,69.57,36,673.8,Episcopal Church,2290
04001,Arizona,Apache County,38.49,127,192.4,Catholic Church,4001
04003,Arizona,Cochise County,45.4,219,174.6,Catholic Church,4003
04005,Arizona,Coconino County,32.44,156,107.5,Catholic Church,4005
04007,Arizona,Gila County,33.06,88,165.2,Catholic Church,4007
04009,Arizona,Graham County,45.68,69,179.1,Church of Jesus Christ of Latter-day Saints,4009
04011,Arizona,Greenlee County,29.05,19,198.7,Catholic Church,4011
04012,Arizona,La Paz County,30.61,37,223.5,Catholic Church,4012
04013,Arizona,Maricopa County,47.24,2655,60.1,Catholic Church,4013
04015,Arizona,Mohave County,25.63,161,75.5,Catholic Church,4015
04017,Arizona,Navajo County,45.12,204,191.2,Church of Jesus Christ of Latter-day Saints,4017
04019,Arizona,Pima County,38.84,707,67.8,Catholic Church,4019
04021,Arizona,Pinal County,40.11,341,80.2,Catholic Church,4021
04023,Arizona,Santa Cruz County,88.23,46,96.5,Catholic Church,4023
04025,Arizona,Yavapai County,41.56,266,112.6,Catholic Church,4025
04027,Arizona,Yuma County,35.05,148,72.6,Catholic Church,4027
05001,Arkansas,Arkansas County,67.39,75,437.3,Southern Baptist Convention,5001
05003,Arkansas,Ashley County,87.48,97,508.9,Southern Baptist Convention,5003
05005,Arkansas,Baxter County,48.92,90,216.2,Southern Baptist Convention,5005
05007,Arkansas,Benton County,48.81,376,132.2,Southern Baptist Convention,5007
05009,Arkansas,Boone County,65.73,101,270.2,Southern Baptist Convention,5009
05011,Arkansas,Bradley County,77.32,62,588,Southern Baptist Convention,5011
05013,Arkansas,Calhoun County,91.18,41,865.2,Southern Baptist Convention,5013
05015,Arkansas,Carroll County,43.83,81,286.6,Southern Baptist Convention,5015
05017,Arkansas,Chicot County,55.67,38,372.3,Southern Baptist Convention,5017
05019,Arkansas,Clark County,78.76,99,461.6,Southern Baptist Convention,5019
05021,Arkansas,Clay County,51.94,57,391.7,Southern Baptist Convention,5021
05023,Arkansas,Cleburne County,63.39,74,299.5,Southern Baptist Convention,5023
05025,Arkansas,Cleveland County,64.45,46,609.3,American Baptist Association,5025
05027,Arkansas,Columbia County,82.73,99,434.2,Southern Baptist Convention,5027
05029,Arkansas,Conway County,51.25,80,386.2,Southern Baptist Convention,5029
05031,Arkansas,Craighead County,60.42,222,199.6,Southern Baptist Convention,5031
05033,Arkansas,Crawford County,52.76,142,236.1,Southern Baptist Convention,5033
05035,Arkansas,Crittenden County,65.87,96,199.3,Southern Baptist Convention,5035
05037,Arkansas,Cross County,58.03,62,368.3,Southern Baptist Convention,5037
05039,Arkansas,Dallas County,67.09,42,647.9,Southern Baptist Convention,5039
05041,Arkansas,Desha County,66.68,58,509,Southern Baptist Convention,5041
05043,Arkansas,Drew County,80.37,74,426.5,Southern Baptist Convention,5043
05045,Arkansas,Faulkner County,55.14,200,161.9,Southern Baptist Convention,5045
05047,Arkansas,Franklin County,47.4,51,298.3,Southern Baptist Convention,5047
05049,Arkansas,Fulton County,42.48,44,364.4,Southern Baptist Convention,5049
05051,Arkansas,Garland County,51.07,184,183.7,Southern Baptist Convention,5051
05053,Arkansas,Grant County,50.13,58,323,"National Missionary Baptist Convention, Inc.",5053
05055,Arkansas,Greene County,46.74,106,231.8,Southern Baptist Convention,5055
05057,Arkansas,Hempstead County,63.18,94,468.5,Southern Baptist Convention,5057
05059,Arkansas,Hot Spring County,50.6,104,314.8,Southern Baptist Convention,5059
05061,Arkansas,Howard County,60.89,62,484.9,Southern Baptist Convention,5061
05063,Arkansas,Independence County,73.11,119,313.7,Southern Baptist Convention,5063
05065,Arkansas,Izard County,49.5,60,441.9,Southern Baptist Convention,5065
05067,Arkansas,Jackson County,52.98,64,382,Southern Baptist Convention,5067
05069,Arkansas,Jefferson County,69.52,214,318.2,Southern Baptist Convention,5069
05071,Arkansas,Johnson County,49.21,66,256.3,Southern Baptist Convention,5071
05073,Arkansas,Lafayette County,54.98,31,491.4,Southern Baptist Convention,5073
05075,Arkansas,Lawrence County,56.12,68,419.3,Southern Baptist Convention,5075
05077,Arkansas,Lee County,75.81,40,465.1,Non-denominational Christian Churches,5077
05079,Arkansas,Lincoln County,40.12,39,301.4,Southern Baptist Convention,5079
05081,Arkansas,Little River County,67.01,52,432.4,Southern Baptist Convention,5081
05083,Arkansas,Logan County,70.48,86,407,Southern Baptist Convention,5083
05085,Arkansas,Lonoke County,41.89,133,179.7,Southern Baptist Convention,5085
05087,Arkansas,Madison County,32.27,39,236.1,Southern Baptist Convention,5087
05089,Arkansas,Marion County,33.54,40,237.7,Southern Baptist Convention,5089
05091,Arkansas,Miller County,62.67,107,251.2,Southern Baptist Convention,5091
05093,Arkansas,Mississippi County,73.39,157,385.9,Southern Baptist Convention,5093
05095,Arkansas,Monroe County,69.97,42,617.7,Southern Baptist Convention,5095
05097,Arkansas,Montgomery County,44.37,32,377.2,Southern Baptist Convention,5097
05099,Arkansas,Nevada County,63.12,49,589.7,"National Missionary Baptist Convention, Inc.",5099
05101,Arkansas,Newton County,25.77,26,359.9,Southern Baptist Convention,5101
05103,Arkansas,Ouachita County,108.11,140,618.1,Southern Baptist Convention,5103
05105,Arkansas,Perry County,47.53,28,279.5,Southern Baptist Convention,5105
05107,Arkansas,Phillips County,55.4,64,386.3,Southern Baptist Convention,5107
05109,Arkansas,Pike County,57,53,521.1,Southern Baptist Convention,5109
05111,Arkansas,Poinsett County,74.41,102,444.2,Southern Baptist Convention,5111
05113,Arkansas,Polk County,53.89,73,379.8,Southern Baptist Convention,5113
05115,Arkansas,Pope County,50.46,155,244.6,Southern Baptist Convention,5115
05117,Arkansas,Prairie County,48.48,30,362.2,Southern Baptist Convention,5117
05119,Arkansas,Pulaski County,62.25,661,165.6,Southern Baptist Convention,5119
05121,Arkansas,Randolph County,57.18,57,306.9,Southern Baptist Convention,5121
05123,Arkansas,St. Francis County,57.98,90,389.8,Southern Baptist Convention,5123
05125,Arkansas,Saline County,36.7,165,133.7,Southern Baptist Convention,5125
05127,Arkansas,Scott County,55.53,54,549,Southern Baptist Convention,5127
05129,Arkansas,Searcy County,38.87,35,447.1,Southern Baptist Convention,5129
05131,Arkansas,Sebastian County,62.69,230,180,Southern Baptist Convention,5131
05133,Arkansas,Sevier County,70.76,57,359.9,Southern Baptist Convention,5133
05135,Arkansas,Sharp County,65.54,68,393.7,Southern Baptist Convention,5135
05137,Arkansas,Stone County,51.42,43,347.9,Southern Baptist Convention,5137
05139,Arkansas,Union County,82.25,162,414.8,Southern Baptist Convention,5139
05141,Arkansas,Van Buren County,52.98,66,417.8,Southern Baptist Convention,5141
05143,Arkansas,Washington County,59.26,300,122,Southern Baptist Convention,5143
05145,Arkansas,White County,66.59,211,274.7,Southern Baptist Convention,5145
05147,Arkansas,Woodruff County,43.05,27,430.7,Southern Baptist Convention,5147
05149,Arkansas,Yell County,43.49,74,365.2,Southern Baptist Convention,5149
06001,California,Alameda County,41.05,1085,64.5,Catholic Church,6001
06003,California,Alpine County,0,0,0,NA,6003
06005,California,Amador County,27.37,38,93.9,Catholic Church,6005
06007,California,Butte County,28.95,191,90.3,Catholic Church,6007
06009,California,Calaveras County,17.29,57,125.9,Catholic Church,6009
06011,California,Colusa County,47.86,30,137.4,Catholic Church,6011
06013,California,Contra Costa County,41.57,716,61.4,Catholic Church,6013
06015,California,Del Norte County,14.09,29,104.5,Catholic Church,6015
06017,California,El Dorado County,30.2,108,56.5,Catholic Church,6017
06019,California,Fresno County,42.91,725,71.9,Catholic Church,6019
06021,California,Glenn County,46.79,50,172.9,Catholic Church,6021
06023,California,Humboldt County,19.21,157,115,Catholic Church,6023
06025,California,Imperial County,86.27,124,69,Catholic Church,6025
06027,California,Inyo County,30.8,37,194.6,Catholic Church,6027
06029,California,Kern County,45.56,618,68,Catholic Church,6029
06031,California,Kings County,45.22,98,64.3,Catholic Church,6031
06033,California,Lake County,30.37,80,117.4,Catholic Church,6033
06035,California,Lassen County,25.78,32,97.8,Catholic Church,6035
06037,California,Los Angeles County,51.04,5645,56.4,Catholic Church,6037
06039,California,Madera County,44.41,128,81.9,Catholic Church,6039
06041,California,Marin County,37.06,178,67.9,Catholic Church,6041
06043,California,Mariposa County,28.78,24,140.1,Catholic Church,6043
06045,California,Mendocino County,39.98,104,113.5,Catholic Church,6045
06047,California,Merced County,45.13,192,68.3,Catholic Church,6047
06049,California,Modoc County,33.11,22,252.9,Catholic Church,6049
06051,California,Mono County,16.35,15,113.7,Catholic Church,6051
06053,California,Monterey County,59.69,287,65.4,Catholic Church,6053
06055,California,Napa County,50.1,95,68.8,Catholic Church,6055
06057,California,Nevada County,28.55,78,76.3,Non-denominational Christian Churches,6057
06059,California,Orange County,49.51,1499,47,Catholic Church,6059
06061,California,Placer County,38.64,254,62.8,Catholic Church,6061
06063,California,Plumas County,38.42,39,197.1,Catholic Church,6063
06065,California,Riverside County,44.19,1224,50.6,Catholic Church,6065
06067,California,Sacramento County,39.24,921,58.1,Catholic Church,6067
06069,California,San Benito County,73.69,35,54.5,Catholic Church,6069
06071,California,San Bernardino County,42.42,1217,55.8,Catholic Church,6071
06073,California,San Diego County,41.42,1748,53,Catholic Church,6073
06075,California,San Francisco County,35.13,536,61.3,Catholic Church,6075
06077,California,San Joaquin County,38.09,494,63.4,Catholic Church,6077
06079,California,San Luis Obispo County,38.61,229,81.1,Catholic Church,6079
06081,California,San Mateo County,33.64,402,52.6,Catholic Church,6081
06083,California,Santa Barbara County,46.37,315,70.3,Catholic Church,6083
06085,California,Santa Clara County,45.52,943,48.7,Catholic Church,6085
06087,California,Santa Cruz County,39.48,188,69.4,Catholic Church,6087
06089,California,Shasta County,38.52,155,85.1,Non-denominational Christian Churches,6089
06091,California,Sierra County,19.16,10,309,Church of Jesus Christ of Latter-day Saints,6091
06093,California,Siskiyou County,47.36,83,188.3,Catholic Church,6093
06095,California,Solano County,32.3,303,66.8,Catholic Church,6095
06097,California,Sonoma County,36.42,295,60.3,Catholic Church,6097
06099,California,Stanislaus County,38.72,405,73.3,Catholic Church,6099
06101,California,Sutter County,36.72,76,76.3,Catholic Church,6101
06103,California,Tehama County,30.45,62,94.2,Catholic Church,6103
06105,California,Trinity County,15.96,23,142.8,Catholic Church,6105
06107,California,Tulare County,53.44,417,88.1,Catholic Church,6107
06109,California,Tuolumne County,23.99,57,102.5,Non-denominational Christian Churches,6109
06111,California,Ventura County,51.05,486,57.6,Catholic Church,6111
06113,California,Yolo County,34.8,122,56.4,Catholic Church,6113
06115,California,Yuba County,34.56,57,69.9,Catholic Church,6115
08001,Colorado,Adams County,26.87,248,47.7,Catholic Church,8001
08003,Colorado,Alamosa County,38.51,31,189.3,Church of Jesus Christ of Latter-day Saints,8003
08005,Colorado,Arapahoe County,34.66,353,53.9,Catholic Church,8005
08007,Colorado,Archuleta County,36.51,24,179.7,Vajarayana Buddhist,8007
08009,Colorado,Baca County,25.39,16,456.4,United Methodist Church,8009
08011,Colorado,Bent County,13.45,12,212.4,Catholic Church,8011
08013,Colorado,Boulder County,36.4,205,62,Catholic Church,8013
08014,Colorado,Broomfield County,27.68,30,40.5,Catholic Church,8014
08015,Colorado,Chaffee County,37.77,34,174.6,Catholic Church,8015
08017,Colorado,Cheyenne County,49.83,9,514.9,Catholic Church,8017
08019,Colorado,Clear Creek County,6.24,10,106.4,Evangelical Lutheran Church in America,8019
08021,Colorado,Conejos County,74.09,24,321.7,Church of Jesus Christ of Latter-day Saints,8021
08023,Colorado,Costilla County,36.12,6,171.5,Catholic Church,8023
08025,Colorado,Crowley County,35.43,9,152,Non-denominational Christian Churches,8025
08027,Colorado,Custer County,38.5,14,297.6,Non-denominational Christian Churches,8027
08029,Colorado,Delta County,29.47,60,192.3,Catholic Church,8029
08031,Colorado,Denver County,42.79,496,69.3,Catholic Church,8031
08033,Colorado,Dolores County,18.36,8,343.9,Catholic Church,8033
08035,Colorado,Douglas County,37.15,151,42.2,Catholic Church,8035
08037,Colorado,Eagle County,32.19,41,73.6,Catholic Church,8037
08039,Colorado,Elbert County,25.51,28,107.4,Catholic Church,8039
08041,Colorado,El Paso County,43.23,457,62.6,Catholic Church,8041
08043,Colorado,Fremont County,26.63,56,114.4,Catholic Church,8043
08045,Colorado,Garfield County,37.85,67,108.6,Catholic Church,8045
08047,Colorado,Gilpin County,2.03,4,68.9,United Methodist Church,8047
08049,Colorado,Grand County,26.68,24,152.7,Catholic Church,8049
08051,Colorado,Gunnison County,32.59,20,118.2,Southern Baptist Convention,8051
08053,Colorado,Hinsdale County,25.63,3,380.7,Southern Baptist Convention,8053
08055,Colorado,Huerfano County,29.79,16,234.6,Catholic Church,8055
08057,Colorado,Jackson County,19.14,5,362.6,Non-denominational Christian Churches,8057
08059,Colorado,Jefferson County,31.13,327,56.1,Catholic Church,8059
08061,Colorado,Kiowa County,152.63,9,622.4,Non-denominational Christian Churches,8061
08063,Colorado,Kit Carson County,61.44,30,423.3,Catholic Church,8063
08065,Colorado,Lake County,31,11,147.9,Catholic Church,8065
08067,Colorado,La Plata County,29.13,64,115,Catholic Church,8067
08069,Colorado,Larimer County,34.83,243,67.7,Catholic Church,8069
08071,Colorado,Las Animas County,26.42,20,137.4,Catholic Church,8071
08073,Colorado,Lincoln County,48.83,22,387.7,Catholic Church,8073
08075,Colorado,Logan County,37.92,38,176.5,Catholic Church,8075
08077,Colorado,Mesa County,37.91,159,102.1,Non-denominational Christian Churches,8077
08079,Colorado,Mineral County,41.97,5,578,United Church of Christ,8079
08081,Colorado,Moffat County,31.52,23,173,Catholic Church,8081
08083,Colorado,Montezuma County,34.09,49,189.6,Catholic Church,8083
08085,Colorado,Montrose County,32.51,68,159.3,Catholic Church,8085
08087,Colorado,Morgan County,37.93,49,168.3,Catholic Church,8087
08089,Colorado,Otero County,37.31,45,240.8,Catholic Church,8089
08091,Colorado,Ouray County,26.8,12,246.2,Catholic Church,8091
08093,Colorado,Park County,21.2,18,103.5,Catholic Church,8093
08095,Colorado,Phillips County,60.11,17,375.3,Catholic Church,8095
08097,Colorado,Pitkin County,29.55,13,74.9,Catholic Church,8097
08099,Colorado,Prowers County,44.3,36,300,Catholic Church,8099
08101,Colorado,Pueblo County,35.08,166,98.7,Catholic Church,8101
08103,Colorado,Rio Blanco County,32,18,275.7,Church of Jesus Christ of Latter-day Saints,8103
08105,Colorado,Rio Grande County,44.18,29,251.3,Catholic Church,8105
08107,Colorado,Routt County,31.21,24,96.7,Catholic Church,8107
08109,Colorado,Saguache County,72.97,17,267,Vajarayana Buddhist,8109
08111,Colorado,San Juan County,60.14,7,992.9,Church of Jesus Christ of Latter-day Saints,8111
08113,Colorado,San Miguel County,20.69,10,123.9,Catholic Church,8113
08115,Colorado,Sedgwick County,36.98,7,291.2,Catholic Church,8115
08117,Colorado,Summit County,31.26,22,70.8,Catholic Church,8117
08119,Colorado,Teller County,31.14,28,113.3,Catholic Church,8119
08121,Colorado,Washington County,25.24,19,394.4,Catholic Church,8121
08123,Colorado,Weld County,27.89,233,70.8,Catholic Church,8123
08125,Colorado,Yuma County,51.63,31,310.4,Catholic Church,8125
09001,Connecticut,Fairfield County,56.44,746,77.9,Catholic Church,9001
09003,Connecticut,Hartford County,49.45,711,79,Catholic Church,9003
09005,Connecticut,Litchfield County,36.02,171,92.3,Catholic Church,9005
09007,Connecticut,Middlesex County,44.8,132,80.4,Catholic Church,9007
09009,Connecticut,New Haven County,46.56,682,78.9,Catholic Church,9009
09011,Connecticut,New London County,35.58,232,86.4,Catholic Church,9011
09013,Connecticut,Tolland County,35.48,101,67.4,Catholic Church,9013
09015,Connecticut,Windham County,26.5,112,96.2,Catholic Church,9015
10001,Delaware,Kent County,31.46,199,109.4,Catholic Church,10001
10003,Delaware,New Castle County,47.21,484,84.8,Catholic Church,10003
10005,Delaware,Sussex County,34.85,283,119.2,Catholic Church,10005
11001,District of Columbia,District of Columbia,56.45,751,108.9,Catholic Church,11001
12001,Florida,Alachua County,46.48,299,107.4,Non-denominational Christian Churches,12001
12003,Florida,Baker County,33.23,36,127.4,Non-denominational Christian Churches,12003
12005,Florida,Bay County,36.86,205,117,Southern Baptist Convention,12005
12007,Florida,Bradford County,40.66,56,197.9,Southern Baptist Convention,12007
12009,Florida,Brevard County,42.13,490,80.8,Catholic Church,12009
12011,Florida,Broward County,44.39,1218,62.6,Catholic Church,12011
12013,Florida,Calhoun County,25.42,30,219.8,Southern Baptist Convention,12013
12015,Florida,Charlotte County,47.95,136,72.8,Catholic Church,12015
12017,Florida,Citrus County,37.21,139,90.4,Catholic Church,12017
12019,Florida,Clay County,39.91,173,79.3,Catholic Church,12019
12021,Florida,Collier County,61.63,237,63.1,Catholic Church,12021
12023,Florida,Columbia County,56.92,128,183.6,Non-denominational Christian Churches,12023
12027,Florida,DeSoto County,33.78,57,167.8,Southern Baptist Convention,12027
12029,Florida,Dixie County,20.68,26,155.1,Southern Baptist Convention,12029
12031,Florida,Duval County,66.3,987,99.1,Non-denominational Christian Churches,12031
12033,Florida,Escambia County,53.41,403,125.2,Non-denominational Christian Churches,12033
12035,Florida,Flagler County,44.76,79,68.5,Catholic Church,12035
12037,Florida,Franklin County,46,32,257,Non-denominational Christian Churches,12037
12039,Florida,Gadsden County,58.18,139,317.2,African Methodist Episcopal Church,12039
12041,Florida,Gilchrist County,26.6,31,173.5,Southern Baptist Convention,12041
12043,Florida,Glades County,59.24,18,148.4,Non-denominational Christian Churches,12043
12045,Florida,Gulf County,75.58,44,310,Non-denominational Christian Churches,12045
12047,Florida,Hamilton County,32.28,37,264.2,Southern Baptist Convention,12047
12049,Florida,Hardee County,64.13,64,252.7,Southern Baptist Convention,12049
12051,Florida,Hendry County,41.08,59,148.9,Catholic Church,12051
12053,Florida,Hernando County,36.69,137,70.4,Catholic Church,12053
12055,Florida,Highlands County,51.57,155,153.1,Catholic Church,12055
12057,Florida,Hillsborough County,60.11,1150,78.8,Catholic Church,12057
12059,Florida,Holmes County,39.57,69,351.1,Southern Baptist Convention,12059
12061,Florida,Indian River County,52.64,138,86.4,Catholic Church,12061
12063,Florida,Jackson County,52.72,143,302.2,Southern Baptist Convention,12063
12065,Florida,Jefferson County,70.14,48,330.8,Non-denominational Christian Churches,12065
12067,Florida,Lafayette County,46.45,20,243.1,Southern Baptist Convention,12067
12069,Florida,Lake County,40.73,351,91.4,Catholic Church,12069
12071,Florida,Lee County,41.66,480,63.1,Catholic Church,12071
12073,Florida,Leon County,48.88,321,109.9,Non-denominational Christian Churches,12073
12075,Florida,Levy County,43.29,79,184.1,Southern Baptist Convention,12075
12077,Florida,Liberty County,48.91,19,238.3,Southern Baptist Convention,12077
12079,Florida,Madison County,51.31,61,339.5,Southern Baptist Convention,12079
12081,Florida,Manatee County,31.74,279,69.8,Catholic Church,12081
12083,Florida,Marion County,38.37,396,105.3,Catholic Church,12083
12085,Florida,Martin County,53.49,123,77.6,Catholic Church,12085
12086,Florida,Miami-Dade County,51.36,1704,63.1,Catholic Church,12086
12087,Florida,Monroe County,52.18,94,113.4,Catholic Church,12087
12089,Florida,Nassau County,40.88,101,111.8,Southern Baptist Convention,12089
12091,Florida,Okaloosa County,52.73,223,105.4,Non-denominational Christian Churches,12091
12093,Florida,Okeechobee County,37.84,47,118.6,Non-denominational Christian Churches,12093
12095,Florida,Orange County,49.14,1010,70.6,Catholic Church,12095
12097,Florida,Osceola County,47.45,257,66.1,Catholic Church,12097
12099,Florida,Palm Beach County,39.44,908,60.9,Catholic Church,12099
12101,Florida,Pasco County,29.45,316,56.2,Catholic Church,12101
12103,Florida,Pinellas County,49.36,670,69.9,Catholic Church,12103
12105,Florida,Polk County,41.6,735,101.4,Non-denominational Christian Churches,12105
12107,Florida,Putnam County,44.1,141,192.3,Southern Baptist Convention,12107
12109,Florida,St. Johns County,36.42,163,59.6,Catholic Church,12109
12111,Florida,St. Lucie County,36.09,238,72.3,Catholic Church,12111
12113,Florida,Santa Rosa County,46,166,88.3,Southern Baptist Convention,12113
12115,Florida,Sarasota County,54.47,323,74.4,Catholic Church,12115
12117,Florida,Seminole County,53.31,325,69,Catholic Church,12117
12119,Florida,Sumter County,30.29,95,73.2,Catholic Church,12119
12121,Florida,Suwannee County,50.44,110,253,Southern Baptist Convention,12121
12123,Florida,Taylor County,44.15,58,266.1,Southern Baptist Convention,12123
12125,Florida,Union County,24.49,25,154.8,Non-denominational Christian Churches,12125
12127,Florida,Volusia County,39.64,484,87.4,Catholic Church,12127
12129,Florida,Wakulla County,20.21,47,139.2,Southern Baptist Convention,12129
12131,Florida,Walton County,36.41,116,154,Catholic Church,12131
12133,Florida,Washington County,35.51,61,240.9,Southern Baptist Convention,12133
13001,Georgia,Appling County,70.68,65,352.4,Southern Baptist Convention,13001
13003,Georgia,Atkinson County,32.77,24,289.6,Southern Baptist Convention,13003
13005,Georgia,Bacon County,46.15,31,278.3,Southern Baptist Convention,13005
13007,Georgia,Baker County,31.19,16,556.3,Christian Methodist Episcopal Church,13007
13009,Georgia,Baldwin County,34.96,63,143.8,Southern Baptist Convention,13009
13011,Georgia,Banks County,78.19,33,183,Southern Baptist Convention,13011
13013,Georgia,Barrow County,37.4,70,83.8,Southern Baptist Convention,13013
13015,Georgia,Bartow County,47.83,143,131.3,Southern Baptist Convention,13015
13017,Georgia,Ben Hill County,62.81,39,226.8,Southern Baptist Convention,13017
13019,Georgia,Berrien County,47.6,32,176.2,Southern Baptist Convention,13019
13021,Georgia,Bibb County,58.19,234,148.7,Southern Baptist Convention,13021
13023,Georgia,Bleckley County,41.37,27,214.6,Southern Baptist Convention,13023
13025,Georgia,Brantley County,33.68,32,177.6,Southern Baptist Convention,13025
13027,Georgia,Brooks County,41.48,49,300.6,Southern Baptist Convention,13027
13029,Georgia,Bryan County,31.19,39,87.2,Southern Baptist Convention,13029
13031,Georgia,Bulloch County,34.41,97,119.6,Southern Baptist Convention,13031
13033,Georgia,Burke County,40.49,51,207.4,Southern Baptist Convention,13033
13035,Georgia,Butts County,44,42,165.1,Southern Baptist Convention,13035
13037,Georgia,Calhoun County,42.63,18,323,Southern Baptist Convention,13037
13039,Georgia,Camden County,34.35,69,126,Southern Baptist Convention,13039
13043,Georgia,Candler County,46.7,32,291.4,Southern Baptist Convention,13043
13045,Georgia,Carroll County,51.91,164,137.6,Southern Baptist Convention,13045
13047,Georgia,Catoosa County,36.12,75,110.5,Southern Baptist Convention,13047
13049,Georgia,Charlton County,34.67,26,207.7,Southern Baptist Convention,13049
13051,Georgia,Chatham County,41.64,334,113.1,Non-denominational Christian Churches,13051
13053,Georgia,Chattahoochee County,19.47,9,94.1,Church of Jesus Christ of Latter-day Saints,13053
13055,Georgia,Chattooga County,50.97,77,308.4,Southern Baptist Convention,13055
13057,Georgia,Cherokee County,44.71,176,66,Southern Baptist Convention,13057
13059,Georgia,Clarke County,41.84,127,98.7,Catholic Church,13059
13061,Georgia,Clay County,24.75,9,316,Southern Baptist Convention,13061
13063,Georgia,Clayton County,45.73,200,67.2,Non-denominational Christian Churches,13063
13065,Georgia,Clinch County,46.3,22,326,"Church of God (Cleveland, Tennessee)",13065
13067,Georgia,Cobb County,55.22,483,63,Catholic Church,13067
13069,Georgia,Coffee County,45.16,92,213.5,Southern Baptist Convention,13069
13071,Georgia,Colquitt County,53.02,101,220.1,Southern Baptist Convention,13071
13073,Georgia,Columbia County,39.63,119,76.3,Southern Baptist Convention,13073
13075,Georgia,Cook County,40.44,35,203.1,Southern Baptist Convention,13075
13077,Georgia,Coweta County,42.36,153,104.7,Southern Baptist Convention,13077
13079,Georgia,Crawford County,17.54,20,164.9,Southern Baptist Convention,13079
13081,Georgia,Crisp County,56.52,59,293.1,Southern Baptist Convention,13081
13083,Georgia,Dade County,40.19,33,203.1,Southern Baptist Convention,13083
13085,Georgia,Dawson County,47.48,38,141.8,Non-denominational Christian Churches,13085
13087,Georgia,Decatur County,54.34,83,282.6,Southern Baptist Convention,13087
13089,Georgia,DeKalb County,50.93,606,79.3,Catholic Church,13089
13091,Georgia,Dodge County,65.75,82,411.5,Southern Baptist Convention,13091
13093,Georgia,Dooly County,51.45,43,383.7,Southern Baptist Convention,13093
13095,Georgia,Dougherty County,55.22,131,152.7,Southern Baptist Convention,13095
13097,Georgia,Douglas County,53.77,129,89.4,Southern Baptist Convention,13097
13099,Georgia,Early County,51.23,51,469.9,Southern Baptist Convention,13099
13101,Georgia,Echols County,15.88,5,135.2,Southern Baptist Convention,13101
13103,Georgia,Effingham County,34.06,77,118.9,Southern Baptist Convention,13103
13105,Georgia,Elbert County,62.93,66,336.1,Southern Baptist Convention,13105
13107,Georgia,Emanuel County,31.43,50,219.6,Southern Baptist Convention,13107
13109,Georgia,Evans County,47.75,30,278.4,Southern Baptist Convention,13109
13111,Georgia,Fannin County,78.59,60,237,Southern Baptist Convention,13111
13113,Georgia,Fayette County,73.82,131,109.9,Southern Baptist Convention,13113
13115,Georgia,Floyd County,62.47,169,171.4,Southern Baptist Convention,13115
13117,Georgia,Forsyth County,42.03,134,53.3,Catholic Church,13117
13119,Georgia,Franklin County,60.24,53,226.3,Southern Baptist Convention,13119
13121,Georgia,Fulton County,67.21,798,74.8,Catholic Church,13121
13123,Georgia,Gilmer County,38,42,134,Southern Baptist Convention,13123
13125,Georgia,Glascock County,36.82,11,381.4,Southern Baptist Convention,13125
13127,Georgia,Glynn County,48.08,132,156.2,Southern Baptist Convention,13127
13129,Georgia,Gordon County,56.82,92,159.9,Southern Baptist Convention,13129
13131,Georgia,Grady County,55.13,67,255.4,Southern Baptist Convention,13131
13133,Georgia,Greene County,62.13,43,227.3,Catholic Church,13133
13135,Georgia,Gwinnett County,49.55,629,65.7,Catholic Church,13135
13137,Georgia,Habersham County,52.16,79,171.6,Southern Baptist Convention,13137
13139,Georgia,Hall County,80.09,196,96.5,Catholic Church,13139
13141,Georgia,Hancock County,31.23,24,274.8,African Methodist Episcopal Church,13141
13143,Georgia,Haralson County,54,60,200.5,Southern Baptist Convention,13143
13145,Georgia,Harris County,34.46,60,173.1,Southern Baptist Convention,13145
13147,Georgia,Hart County,72.95,67,259.4,Southern Baptist Convention,13147
13149,Georgia,Heard County,46.28,32,280.4,Southern Baptist Convention,13149
13151,Georgia,Henry County,37.14,184,76.4,Southern Baptist Convention,13151
13153,Georgia,Houston County,44.08,145,88.6,Southern Baptist Convention,13153
13155,Georgia,Irwin County,42.26,29,300,Southern Baptist Convention,13155
13157,Georgia,Jackson County,37.19,102,134.4,Southern Baptist Convention,13157
13159,Georgia,Jasper County,42.25,35,239.9,Southern Baptist Convention,13159
13161,Georgia,Jeff Davis County,70.27,43,291,Southern Baptist Convention,13161
13163,Georgia,Jefferson County,55.99,68,432.9,Southern Baptist Convention,13163
13165,Georgia,Jenkins County,62.76,25,288.2,Southern Baptist Convention,13165
13167,Georgia,Johnson County,37.7,38,413.5,Southern Baptist Convention,13167
13169,Georgia,Jones County,40.65,37,130.5,Southern Baptist Convention,13169
13171,Georgia,Lamar County,37.2,36,194.6,Southern Baptist Convention,13171
13173,Georgia,Lanier County,31.49,16,162,Southern Baptist Convention,13173
13175,Georgia,Laurens County,59.48,139,280.4,Southern Baptist Convention,13175
13177,Georgia,Lee County,32.07,34,102.5,Southern Baptist Convention,13177
13179,Georgia,Liberty County,35.61,77,118,"National Missionary Baptist Convention, Inc.",13179
13181,Georgia,Lincoln County,51.53,28,364.1,Southern Baptist Convention,13181
13183,Georgia,Long County,27.68,25,154.6,Southern Baptist Convention,13183
13185,Georgia,Lowndes County,50.44,176,148.8,Southern Baptist Convention,13185
13187,Georgia,Lumpkin County,25.95,33,98.5,Catholic Church,13187
13189,Georgia,McDuffie County,71.87,46,212.6,Southern Baptist Convention,13189
13191,Georgia,McIntosh County,40.04,24,218.7,Southern Baptist Convention,13191
13193,Georgia,Macon County,55.15,42,347.6,Southern Baptist Convention,13193
13195,Georgia,Madison County,34.66,51,169.3,Southern Baptist Convention,13195
13197,Georgia,Marion County,33.12,23,306.7,Southern Baptist Convention,13197
13199,Georgia,Meriwether County,42.95,60,291.1,Southern Baptist Convention,13199
13201,Georgia,Miller County,62.68,21,350,Southern Baptist Convention,13201
13205,Georgia,Mitchell County,51.43,52,239,Southern Baptist Convention,13205
13207,Georgia,Monroe County,26.93,55,196.7,Southern Baptist Convention,13207
13209,Georgia,Montgomery County,37.65,24,278.7,Southern Baptist Convention,13209
13211,Georgia,Morgan County,61.96,50,248.8,Southern Baptist Convention,13211
13213,Georgia,Murray County,36.11,44,110.1,Southern Baptist Convention,13213
13215,Georgia,Muscogee County,58.19,268,129.5,Southern Baptist Convention,13215
13217,Georgia,Newton County,34.73,123,109.3,Southern Baptist Convention,13217
13219,Georgia,Oconee County,31.45,39,93.3,Southern Baptist Convention,13219
13221,Georgia,Oglethorpe County,29.41,34,229.3,Southern Baptist Convention,13221
13223,Georgia,Paulding County,21.63,97,57.5,Southern Baptist Convention,13223
13225,Georgia,Peach County,45.57,45,160.8,United Methodist Church,13225
13227,Georgia,Pickens County,32.86,34,102.4,Catholic Church,13227
13229,Georgia,Pierce County,62.29,38,192.7,Southern Baptist Convention,13229
13231,Georgia,Pike County,49.38,39,206.5,Southern Baptist Convention,13231
13233,Georgia,Polk County,63.54,78,182,Southern Baptist Convention,13233
13235,Georgia,Pulaski County,50.64,22,223.2,Southern Baptist Convention,13235
13237,Georgia,Putnam County,33.25,40,181.4,Southern Baptist Convention,13237
13239,Georgia,Quitman County,38.17,9,402.7,Southern Baptist Convention,13239
13241,Georgia,Rabun County,66.4,48,284.3,Southern Baptist Convention,13241
13243,Georgia,Randolph County,51.22,24,373.5,Southern Baptist Convention,13243
13245,Georgia,Richmond County,52.83,247,119.6,Southern Baptist Convention,13245
13247,Georgia,Rockdale County,49.68,101,107.9,Southern Baptist Convention,13247
13249,Georgia,Schley County,90.61,13,285.9,Southern Baptist Convention,13249
13251,Georgia,Screven County,51.73,60,426.5,Southern Baptist Convention,13251
13253,Georgia,Seminole County,53.54,28,306.1,Southern Baptist Convention,13253
13255,Georgia,Spalding County,61.05,120,178.3,Southern Baptist Convention,13255
13257,Georgia,Stephens County,57.86,49,182.9,Southern Baptist Convention,13257
13259,Georgia,Stewart County,35.57,21,395.2,African Methodist Episcopal Church,13259
13261,Georgia,Sumter County,51.94,64,216.1,Southern Baptist Convention,13261
13263,Georgia,Talbot County,35.16,19,331.4,Southern Baptist Convention,13263
13265,Georgia,Taliaferro County,29.7,9,577.3,Southern Baptist Convention,13265
13267,Georgia,Tattnall County,42.97,54,236.4,Southern Baptist Convention,13267
13269,Georgia,Taylor County,43.17,25,319.9,Southern Baptist Convention,13269
13271,Georgia,Telfair County,37.89,49,392.7,Southern Baptist Convention,13271
13273,Georgia,Terrell County,48.17,32,348.4,Southern Baptist Convention,13273
13275,Georgia,Thomas County,62.55,113,246.7,Southern Baptist Convention,13275
13277,Georgia,Tift County,55.91,75,181.4,Southern Baptist Convention,13277
13279,Georgia,Toombs County,62.34,81,299.7,Southern Baptist Convention,13279
13281,Georgia,Towns County,49.36,28,224.1,Southern Baptist Convention,13281
13283,Georgia,Treutlen County,38.78,20,312.2,Southern Baptist Convention,13283
13285,Georgia,Troup County,60.08,147,211.7,Southern Baptist Convention,13285
13287,Georgia,Turner County,63.3,28,310.9,Southern Baptist Convention,13287
13289,Georgia,Twiggs County,42.77,24,299.2,Southern Baptist Convention,13289
13291,Georgia,Union County,61.16,55,223.3,Southern Baptist Convention,13291
13293,Georgia,Upson County,59.35,64,231,Southern Baptist Convention,13293
13295,Georgia,Walker County,54.25,126,186.2,Southern Baptist Convention,13295
13297,Georgia,Walton County,40.85,106,109.6,Southern Baptist Convention,13297
13299,Georgia,Ware County,60.99,105,289.6,Southern Baptist Convention,13299
13301,Georgia,Warren County,75.53,26,498.6,Southern Baptist Convention,13301
13303,Georgia,Washington County,48.65,67,335.2,Southern Baptist Convention,13303
13305,Georgia,Wayne County,65.79,79,262.1,Southern Baptist Convention,13305
13307,Georgia,Webster County,43.61,8,340.7,Southern Baptist Convention,13307
13309,Georgia,Wheeler County,28.94,21,281.1,Southern Baptist Convention,13309
13311,Georgia,White County,43.6,41,146.4,Southern Baptist Convention,13311
13313,Georgia,Whitfield County,69.96,137,133.2,Southern Baptist Convention,13313
13315,Georgia,Wilcox County,48.35,33,376.5,Southern Baptist Convention,13315
13317,Georgia,Wilkes County,65.85,39,407.7,Southern Baptist Convention,13317
13319,Georgia,Wilkinson County,53.59,34,383,Southern Baptist Convention,13319
13321,Georgia,Worth County,47.59,50,240.6,Southern Baptist Convention,13321
15001,Hawaii,Hawaii County,41.84,276,137.6,Catholic Church,15001
15003,Hawaii,Honolulu County,38.5,790,77.7,Catholic Church,15003
15005,Hawaii,Kalawao County,43.9,3,3658.5,Catholic Church,15005
15007,Hawaii,Kauai County,47,117,159.6,Catholic Church,15007
15009,Hawaii,Maui County,46.56,212,128.7,Catholic Church,15009
16001,Idaho,Ada County,47.52,404,81.6,Church of Jesus Christ of Latter-day Saints,16001
16003,Idaho,Adams County,31.9,11,251.2,Catholic Church,16003
16005,Idaho,Bannock County,51.26,130,149.4,Church of Jesus Christ of Latter-day Saints,16005
16007,Idaho,Bear Lake County,90.03,19,298.2,Church of Jesus Christ of Latter-day Saints,16007
16009,Idaho,Benewah County,37.02,22,230.8,Catholic Church,16009
16011,Idaho,Bingham County,54.13,98,204.2,Church of Jesus Christ of Latter-day Saints,16011
16013,Idaho,Blaine County,36.12,23,94.8,Catholic Church,16013
16015,Idaho,Boise County,32.52,12,157.7,Church of Jesus Christ of Latter-day Saints,16015
16017,Idaho,Bonner County,25.53,55,116.7,Catholic Church,16017
16019,Idaho,Bonneville County,65.36,195,157.3,Church of Jesus Christ of Latter-day Saints,16019
16021,Idaho,Boundary County,36.31,25,207.4,Catholic Church,16021
16023,Idaho,Butte County,88.07,11,427.4,Church of Jesus Christ of Latter-day Saints,16023
16025,Idaho,Camas County,68.99,4,371.4,Non-denominational Christian Churches,16025
16027,Idaho,Canyon County,43.07,242,104.7,Church of Jesus Christ of Latter-day Saints,16027
16029,Idaho,Caribou County,74.48,20,284.6,Church of Jesus Christ of Latter-day Saints,16029
16031,Idaho,Cassia County,57.8,52,210.9,Church of Jesus Christ of Latter-day Saints,16031
16033,Idaho,Clark County,28.99,2,253.2,Church of Jesus Christ of Latter-day Saints,16033
16035,Idaho,Clearwater County,32.45,24,274.8,Non-denominational Christian Churches,16035
16037,Idaho,Custer County,70.2,17,397.7,Church of Jesus Christ of Latter-day Saints,16037
16039,Idaho,Elmore County,36.93,43,150,Catholic Church,16039
16041,Idaho,Franklin County,118.74,42,295.9,Church of Jesus Christ of Latter-day Saints,16041
16043,Idaho,Fremont County,77.24,34,254,Church of Jesus Christ of Latter-day Saints,16043
16045,Idaho,Gem County,35.51,26,136,Church of Jesus Christ of Latter-day Saints,16045
16047,Idaho,Gooding County,26.2,29,185.9,Church of Jesus Christ of Latter-day Saints,16047
16049,Idaho,Idaho County,60.9,44,266,Catholic Church,16049
16051,Idaho,Jefferson County,88.28,66,213.7,Church of Jesus Christ of Latter-day Saints,16051
16053,Idaho,Jerome County,31.46,32,132,Church of Jesus Christ of Latter-day Saints,16053
16055,Idaho,Kootenai County,63.66,129,75.3,Non-denominational Christian Churches,16055
16057,Idaho,Latah County,29.89,50,126.5,Catholic Church,16057
16059,Idaho,Lemhi County,55.83,23,288.4,Church of Jesus Christ of Latter-day Saints,16059
16061,Idaho,Lewis County,52.7,14,396.3,Catholic Church,16061
16063,Idaho,Lincoln County,33.43,13,253.6,Church of Jesus Christ of Latter-day Saints,16063
16065,Idaho,Madison County,53.57,79,149.3,Church of Jesus Christ of Latter-day Saints,16065
16067,Idaho,Minidoka County,48.79,39,180.4,Church of Jesus Christ of Latter-day Saints,16067
16069,Idaho,Nez Perce County,45.03,53,125.9,Catholic Church,16069
16071,Idaho,Oneida County,75.96,13,284.8,Church of Jesus Christ of Latter-day Saints,16071
16073,Idaho,Owyhee County,35.24,20,167.9,Catholic Church,16073
16075,Idaho,Payette County,48.22,43,169.4,Church of Jesus Christ of Latter-day Saints,16075
16077,Idaho,Power County,76.96,17,215.8,Church of Jesus Christ of Latter-day Saints,16077
16079,Idaho,Shoshone County,17.75,24,182.2,Catholic Church,16079
16081,Idaho,Teton County,29.97,15,129,Church of Jesus Christ of Latter-day Saints,16081
16083,Idaho,Twin Falls County,47.63,131,145.5,Church of Jesus Christ of Latter-day Saints,16083
16085,Idaho,Valley County,46.13,22,187.3,Non-denominational Christian Churches,16085
16087,Idaho,Washington County,47.96,25,238.1,Catholic Church,16087
17001,Illinois,Adams County,74.59,109,165.8,Catholic Church,17001
17003,Illinois,Alexander County,43.11,25,477.1,Southern Baptist Convention,17003
17005,Illinois,Bond County,43.52,44,263.1,Christian Churches and Churches of Christ,17005
17007,Illinois,Boone County,46.87,34,63.6,Catholic Church,17007
17009,Illinois,Brown County,27.21,11,176.2,Catholic Church,17009
17011,Illinois,Bureau County,38.09,69,207.6,Catholic Church,17011
17013,Illinois,Calhoun County,38.72,14,315.5,Catholic Church,17013
17015,Illinois,Carroll County,49.99,39,248.4,Catholic Church,17015
17017,Illinois,Cass County,58.2,38,291.4,Catholic Church,17017
17019,Illinois,Champaign County,39.68,205,99.6,Catholic Church,17019
17021,Illinois,Christian County,32.34,60,176.3,Catholic Church,17021
17023,Illinois,Clark County,68.96,48,310.6,Southern Baptist Convention,17023
17025,Illinois,Clay County,71.1,47,353.7,Non-denominational Christian Churches,17025
17027,Illinois,Clinton County,57.95,47,127.4,Catholic Church,17027
17029,Illinois,Coles County,49.01,80,170.7,Catholic Church,17029
17031,Illinois,Cook County,54.26,3534,67,Catholic Church,17031
17033,Illinois,Crawford County,40.7,53,283.7,Southern Baptist Convention,17033
17035,Illinois,Cumberland County,29.65,29,277.5,Catholic Church,17035
17037,Illinois,DeKalb County,53.22,108,107.5,Catholic Church,17037
17039,Illinois,De Witt County,35.58,30,193.3,Christian Churches and Churches of Christ,17039
17041,Illinois,Douglas County,63.15,64,324.2,Catholic Church,17041
17043,Illinois,DuPage County,63.57,532,57,Catholic Church,17043
17045,Illinois,Edgar County,45.07,48,284.6,Christian Churches and Churches of Christ,17045
17047,Illinois,Edwards County,56.78,24,384.3,Christian Churches and Churches of Christ,17047
17049,Illinois,Effingham County,57.54,62,178.8,Catholic Church,17049
17051,Illinois,Fayette County,51.54,53,246.6,Southern Baptist Convention,17051
17053,Illinois,Ford County,46.49,34,251.2,Non-denominational Christian Churches,17053
17055,Illinois,Franklin County,47.6,109,288.3,Southern Baptist Convention,17055
17057,Illinois,Fulton County,30.12,72,214.2,United Methodist Church,17057
17059,Illinois,Gallatin County,42.28,15,303.3,Catholic Church,17059
17061,Illinois,Greene County,53.86,37,308.7,American Baptist Churches in the USA,17061
17063,Illinois,Grundy County,36.15,43,81.9,Catholic Church,17063
17065,Illinois,Hamilton County,52.62,30,375.3,Southern Baptist Convention,17065
17067,Illinois,Hancock County,43.83,54,306.5,United Methodist Church,17067
17069,Illinois,Hardin County,38.48,11,301.5,Southern Baptist Convention,17069
17071,Illinois,Henderson County,25.76,17,266.2,United Methodist Church,17071
17073,Illinois,Henry County,43.57,80,162.3,Catholic Church,17073
17075,Illinois,Iroquois County,43.14,67,247.4,Lutheran Church--Missouri Synod,17075
17077,Illinois,Jackson County,46.03,116,219,Non-denominational Christian Churches,17077
17079,Illinois,Jasper County,43.85,24,258.4,Catholic Church,17079
17081,Illinois,Jefferson County,46.82,92,247.9,Southern Baptist Convention,17081
17083,Illinois,Jersey County,38.75,34,158.1,Catholic Church,17083
17085,Illinois,Jo Daviess County,42.62,45,204.2,Catholic Church,17085
17087,Illinois,Johnson County,28.34,30,225.4,Southern Baptist Convention,17087
17089,Illinois,Kane County,56.45,313,60.6,Catholic Church,17089
17091,Illinois,Kankakee County,47.76,134,124.6,Catholic Church,17091
17093,Illinois,Kendall County,27.17,48,36.4,Catholic Church,17093
17095,Illinois,Knox County,24.62,76,152.1,United Methodist Church,17095
17097,Illinois,Lake County,51.1,396,55.4,Catholic Church,17097
17099,Illinois,LaSalle County,39.32,137,124.9,Catholic Church,17099
17101,Illinois,Lawrence County,26.34,45,294.5,United Methodist Church,17101
17103,Illinois,Lee County,45.84,59,172.8,Catholic Church,17103
17105,Illinois,Livingston County,41.75,68,189.9,Catholic Church,17105
17107,Illinois,Logan County,47.34,58,207.2,Christian Churches and Churches of Christ,17107
17109,Illinois,McDonough County,33.62,51,187.2,United Methodist Church,17109
17111,Illinois,McHenry County,38.32,153,49.3,Catholic Church,17111
17113,Illinois,McLean County,44.25,179,104.7,Christian Churches and Churches of Christ,17113
17115,Illinois,Macon County,46.27,144,138.5,Catholic Church,17115
17117,Illinois,Macoupin County,41.55,98,217.9,Catholic Church,17117
17119,Illinois,Madison County,47.77,347,130.5,Catholic Church,17119
17121,Illinois,Marion County,51.3,106,281,Southern Baptist Convention,17121
17123,Illinois,Marshall County,34.2,31,264,Catholic Church,17123
17125,Illinois,Mason County,31.49,28,214,Lutheran Church--Missouri Synod,17125
17127,Illinois,Massac County,64.25,51,359.9,Southern Baptist Convention,17127
17129,Illinois,Menard County,42.86,25,203.3,Catholic Church,17129
17131,Illinois,Mercer County,36.58,33,210.2,Evangelical Lutheran Church in America,17131
17133,Illinois,Monroe County,57.27,35,100.1,Catholic Church,17133
17135,Illinois,Montgomery County,40.21,79,279.3,Southern Baptist Convention,17135
17137,Illinois,Morgan County,41.22,58,176.2,Catholic Church,17137
17139,Illinois,Moultrie County,69.22,40,275.4,Non-denominational Christian Churches,17139
17141,Illinois,Ogle County,47.39,74,142.9,Catholic Church,17141
17143,Illinois,Peoria County,43.15,240,132,Catholic Church,17143
17145,Illinois,Perry County,44.01,46,219.6,Southern Baptist Convention,17145
17147,Illinois,Piatt County,36.55,36,215.9,United Methodist Church,17147
17149,Illinois,Pike County,43.16,44,298.5,Catholic Church,17149
17151,Illinois,Pope County,34.39,14,372,Southern Baptist Convention,17151
17153,Illinois,Pulaski County,63.14,23,442.9,Southern Baptist Convention,17153
17155,Illinois,Putnam County,40.13,11,195.1,Catholic Church,17155
17157,Illinois,Randolph County,52.12,71,235.4,Lutheran Church--Missouri Synod,17157
17159,Illinois,Richland County,45.46,38,240.3,Catholic Church,17159
17161,Illinois,Rock Island County,31.6,169,116.8,Catholic Church,17161
17163,Illinois,St. Clair County,46.42,313,121.6,Catholic Church,17163
17165,Illinois,Saline County,58.26,75,315.6,Southern Baptist Convention,17165
17167,Illinois,Sangamon County,47.12,217,110.5,Catholic Church,17167
17169,Illinois,Schuyler County,34.22,26,376.7,United Methodist Church,17169
17171,Illinois,Scott County,52.43,20,404.1,Southern Baptist Convention,17171
17173,Illinois,Shelby County,46.81,60,285.9,Christian Churches and Churches of Christ,17173
17175,Illinois,Stark County,31.87,15,277.8,Catholic Church,17175
17177,Illinois,Stephenson County,60.14,84,188.2,Catholic Church,17177
17179,Illinois,Tazewell County,42.73,158,120.3,Catholic Church,17179
17181,Illinois,Union County,44.64,50,290,Southern Baptist Convention,17181
17183,Illinois,Vermilion County,34.61,129,173.9,Non-denominational Christian Churches,17183
17185,Illinois,Wabash County,47.52,36,316.9,Catholic Church,17185
17187,Illinois,Warren County,34.05,31,184.1,Catholic Church,17187
17189,Illinois,Washington County,57.91,39,283.4,Lutheran Church--Missouri Synod,17189
17191,Illinois,Wayne County,54.55,65,401.8,Southern Baptist Convention,17191
17193,Illinois,White County,66.69,49,353.1,Non-denominational Christian Churches,17193
17195,Illinois,Whiteside County,62.84,102,183.2,Catholic Church,17195
17197,Illinois,Will County,43.17,339,48.7,Catholic Church,17197
17199,Illinois,Williamson County,36.58,118,175.7,Southern Baptist Convention,17199
17201,Illinois,Winnebago County,57.03,286,100.2,Catholic Church,17201
17203,Illinois,Woodford County,35.97,63,163.8,Catholic Church,17203
18001,Indiana,Adams County,82.48,121,337.9,"Amish Groups, undifferentiated",18001
18003,Indiana,Allen County,54.52,436,113.1,Catholic Church,18003
18005,Indiana,Bartholomew County,47.76,110,133.8,Non-denominational Christian Churches,18005
18007,Indiana,Benton County,42.49,21,240.9,Catholic Church,18007
18009,Indiana,Blackford County,27.68,26,214.7,Non-denominational Christian Churches,18009
18011,Indiana,Boone County,42.49,70,98.9,Catholic Church,18011
18013,Indiana,Brown County,29.44,26,168,Non-denominational Christian Churches,18013
18015,Indiana,Carroll County,30.15,44,216.7,United Methodist Church,18015
18017,Indiana,Cass County,36.84,75,198,Catholic Church,18017
18019,Indiana,Clark County,35.95,150,123.9,Non-denominational Christian Churches,18019
18021,Indiana,Clay County,31.59,53,200.3,Non-denominational Christian Churches,18021
18023,Indiana,Clinton County,42.49,61,183.8,Catholic Church,18023
18025,Indiana,Crawford County,31.97,27,256.5,United Methodist Church,18025
18027,Indiana,Daviess County,56.98,102,305.6,"Amish Groups, undifferentiated",18027
18029,Indiana,Dearborn County,32.51,62,122.3,Catholic Church,18029
18031,Indiana,Decatur County,42.61,43,162.4,Catholic Church,18031
18033,Indiana,DeKalb County,35.16,74,171,Non-denominational Christian Churches,18033
18035,Indiana,Delaware County,31.09,156,139.4,Non-denominational Christian Churches,18035
18037,Indiana,Dubois County,65.82,56,128.3,Catholic Church,18037
18039,Indiana,Elkhart County,45.85,343,165.7,Non-denominational Christian Churches,18039
18041,Indiana,Fayette County,49.29,43,183.8,Non-denominational Christian Churches,18041
18043,Indiana,Floyd County,53.03,89,110.6,Catholic Church,18043
18045,Indiana,Fountain County,30.21,34,206.3,Christian Churches and Churches of Christ,18045
18047,Indiana,Franklin County,37.28,36,158,Catholic Church,18047
18049,Indiana,Fulton County,31.97,44,214.8,United Methodist Church,18049
18051,Indiana,Gibson County,43.16,66,199.9,Catholic Church,18051
18053,Indiana,Grant County,38.9,127,190.5,Non-denominational Christian Churches,18053
18055,Indiana,Greene County,30.73,78,253.2,Christian Churches and Churches of Christ,18055
18057,Indiana,Hamilton County,40.02,201,57.8,Catholic Church,18057
18059,Indiana,Hancock County,32.93,81,101.5,Non-denominational Christian Churches,18059
18061,Indiana,Harrison County,30.8,79,199.2,United Methodist Church,18061
18063,Indiana,Hendricks County,38.78,134,76.7,Christian Churches and Churches of Christ,18063
18065,Indiana,Henry County,29.27,90,184,Non-denominational Christian Churches,18065
18067,Indiana,Howard County,47.36,134,160.2,Non-denominational Christian Churches,18067
18069,Indiana,Huntington County,39.08,66,180,Catholic Church,18069
18071,Indiana,Jackson County,54.65,82,176.6,Lutheran Church--Missouri Synod,18071
18073,Indiana,Jasper County,48.07,50,151.9,Non-denominational Christian Churches,18073
18075,Indiana,Jay County,37.45,65,317.4,Catholic Church,18075
18077,Indiana,Jefferson County,39.69,73,220.2,Catholic Church,18077
18079,Indiana,Jennings County,32.44,56,202.8,American Baptist Churches in the USA,18079
18081,Indiana,Johnson County,35.16,122,75.4,Non-denominational Christian Churches,18081
18083,Indiana,Knox County,44.37,72,198.4,Catholic Church,18083
18085,Indiana,Kosciusko County,33.58,139,173.2,Non-denominational Christian Churches,18085
18087,Indiana,LaGrange County,60.81,191,472.2,"Amish Groups, undifferentiated",18087
18089,Indiana,Lake County,50.57,531,106.5,Catholic Church,18089
18091,Indiana,LaPorte County,36.08,141,125.4,Catholic Church,18091
18093,Indiana,Lawrence County,39.85,88,195.5,Non-denominational Christian Churches,18093
18095,Indiana,Madison County,30.43,169,129.9,"Church of God (Anderson, Indiana)",18095
18097,Indiana,Marion County,50.7,961,98.3,Catholic Church,18097
18099,Indiana,Marshall County,38.35,91,197.4,Catholic Church,18099
18101,Indiana,Martin County,42.01,22,224.2,Catholic Church,18101
18103,Indiana,Miami County,22.18,52,144.6,United Methodist Church,18103
18105,Indiana,Monroe County,28.16,143,102.3,Non-denominational Christian Churches,18105
18107,Indiana,Montgomery County,33.56,63,166.1,Non-denominational Christian Churches,18107
18109,Indiana,Morgan County,42.02,100,139.3,Non-denominational Christian Churches,18109
18111,Indiana,Newton County,26.57,22,159.1,Catholic Church,18111
18113,Indiana,Noble County,28.51,85,179.1,Catholic Church,18113
18115,Indiana,Ohio County,38.82,14,235.7,Christian Churches and Churches of Christ,18115
18117,Indiana,Orange County,37.67,68,342.3,Christian Churches and Churches of Christ,18117
18119,Indiana,Owen County,24.25,43,201.7,Non-denominational Christian Churches,18119
18121,Indiana,Parke County,32.25,46,284.7,"Amish Groups, undifferentiated",18121
18123,Indiana,Perry County,38.59,35,182.6,Catholic Church,18123
18125,Indiana,Pike County,22.82,34,277.6,United Methodist Church,18125
18127,Indiana,Porter County,38.2,139,80.2,Catholic Church,18127
18129,Indiana,Posey County,45.32,46,182.4,Catholic Church,18129
18131,Indiana,Pulaski County,39.33,33,263.7,Non-denominational Christian Churches,18131
18133,Indiana,Putnam County,28.89,58,157.9,Christian Churches and Churches of Christ,18133
18135,Indiana,Randolph County,27.6,58,236.7,Catholic Church,18135
18137,Indiana,Ripley County,56.98,65,224.2,Catholic Church,18137
18139,Indiana,Rush County,30.4,35,208.9,Christian Churches and Churches of Christ,18139
18141,Indiana,St. Joseph County,39.78,296,108.5,Catholic Church,18141
18143,Indiana,Scott County,32.31,38,155.8,Christian Churches and Churches of Christ,18143
18145,Indiana,Shelby County,42.18,70,155.4,Catholic Church,18145
18147,Indiana,Spencer County,46.51,46,232.2,Catholic Church,18147
18149,Indiana,Starke County,27.15,36,154,Catholic Church,18149
18151,Indiana,Steuben County,39.48,56,162.6,Catholic Church,18151
18153,Indiana,Sullivan County,34.43,47,225.8,Christian Churches and Churches of Christ,18153
18155,Indiana,Switzerland County,25.63,27,277.3,American Baptist Churches in the USA,18155
18157,Indiana,Tippecanoe County,29.12,139,74.6,Catholic Church,18157
18159,Indiana,Tipton County,34.42,27,175.8,Wesleyan Church,18159
18161,Indiana,Union County,24.88,14,197.5,United Methodist Church,18161
18163,Indiana,Vanderburgh County,45.68,207,114.9,Catholic Church,18163
18165,Indiana,Vermillion County,23.76,28,181.4,Catholic Church,18165
18167,Indiana,Vigo County,37.97,131,123.4,Catholic Church,18167
18169,Indiana,Wabash County,35.33,72,232.4,Christian Churches and Churches of Christ,18169
18171,Indiana,Warren County,23.09,18,213.3,Christian Churches and Churches of Christ,18171
18173,Indiana,Warrick County,38.87,69,108,Catholic Church,18173
18175,Indiana,Washington County,32.79,70,248.4,Churches of Christ,18175
18177,Indiana,Wayne County,36.48,115,172.8,Catholic Church,18177
18179,Indiana,Wells County,48.86,68,241.3,Non-denominational Christian Churches,18179
18181,Indiana,White County,32.83,44,178.2,Catholic Church,18181
18183,Indiana,Whitley County,37.74,57,166.7,Catholic Church,18183
19001,Iowa,Adair County,33.83,19,253.5,United Methodist Church,19001
19003,Iowa,Adams County,39.04,11,297,United Methodist Church,19003
19005,Iowa,Allamakee County,63.39,37,263.1,Catholic Church,19005
19007,Iowa,Appanoose County,32.22,30,243.6,United Methodist Church,19007
19009,Iowa,Audubon County,52.87,18,317.2,Evangelical Lutheran Church in America,19009
19011,Iowa,Benton County,44.91,44,172,Lutheran Church--Missouri Synod,19011
19013,Iowa,Black Hawk County,48.97,168,128.1,Catholic Church,19013
19015,Iowa,Boone County,46.23,46,172.2,Catholic Church,19015
19017,Iowa,Bremer County,60.63,47,188.1,Evangelical Lutheran Church in America,19017
19019,Iowa,Buchanan County,51.64,43,209.1,Catholic Church,19019
19021,Iowa,Buena Vista County,50.15,46,220.9,Catholic Church,19021
19023,Iowa,Butler County,45.61,43,300,Evangelical Lutheran Church in America,19023
19025,Iowa,Calhoun County,57.93,29,292.1,Catholic Church,19025
19027,Iowa,Carroll County,82.01,41,197.5,Catholic Church,19027
19029,Iowa,Cass County,49.55,40,304.7,United Methodist Church,19029
19031,Iowa,Cedar County,35.01,32,172.9,United Church of Christ,19031
19033,Iowa,Cerro Gordo County,57.69,68,157.7,Evangelical Lutheran Church in America,19033
19035,Iowa,Cherokee County,59.72,23,197.3,Catholic Church,19035
19037,Iowa,Chickasaw County,73.76,28,233.1,Catholic Church,19037
19039,Iowa,Clarke County,42.76,21,215.4,Non-denominational Christian Churches,19039
19041,Iowa,Clay County,64.53,36,219.7,Catholic Church,19041
19043,Iowa,Clayton County,60.3,47,275.8,Evangelical Lutheran Church in America,19043
19045,Iowa,Clinton County,48.37,71,152.8,Catholic Church,19045
19047,Iowa,Crawford County,49.03,38,230,Lutheran Church--Missouri Synod,19047
19049,Iowa,Dallas County,46.92,89,89.3,Evangelical Lutheran Church in America,19049
19051,Iowa,Davis County,41.03,31,340.3,"Amish Groups, undifferentiated",19051
19053,Iowa,Decatur County,30.8,33,431.7,"Amish Groups, undifferentiated",19053
19055,Iowa,Delaware County,53.25,30,171.5,Catholic Church,19055
19057,Iowa,Des Moines County,35.9,62,159.3,Catholic Church,19057
19059,Iowa,Dickinson County,67.43,25,141.2,Catholic Church,19059
19061,Iowa,Dubuque County,55.46,85,85.6,Catholic Church,19061
19063,Iowa,Emmet County,58.32,22,234.3,Evangelical Lutheran Church in America,19063
19065,Iowa,Fayette County,48.09,51,261.4,Evangelical Lutheran Church in America,19065
19067,Iowa,Floyd County,48.5,32,204.8,Catholic Church,19067
19069,Iowa,Franklin County,55.85,26,259.5,United Methodist Church,19069
19071,Iowa,Fremont County,31.48,20,302.8,United Methodist Church,19071
19073,Iowa,Greene County,51.68,26,296.4,United Methodist Church,19073
19075,Iowa,Grundy County,49.1,32,259.6,United Methodist Church,19075
19077,Iowa,Guthrie County,39.3,30,282.4,Catholic Church,19077
19079,Iowa,Hamilton County,49.71,35,232.7,Evangelical Lutheran Church in America,19079
19081,Iowa,Hancock County,63.98,37,342.8,United Methodist Church,19081
19083,Iowa,Hardin County,49.5,48,284.4,United Methodist Church,19083
19085,Iowa,Harrison County,40.26,33,226.3,Catholic Church,19085
19087,Iowa,Henry County,33.34,40,195.3,United Methodist Church,19087
19089,Iowa,Howard County,74.06,28,295.7,Catholic Church,19089
19091,Iowa,Humboldt County,56.09,15,156.3,Catholic Church,19091
19093,Iowa,Ida County,66.07,19,271.2,Lutheran Church--Missouri Synod,19093
19095,Iowa,Iowa County,50.4,34,204.1,Lutheran Church--Missouri Synod,19095
19097,Iowa,Jackson County,52.4,28,143.7,Catholic Church,19097
19099,Iowa,Jasper County,33.12,63,166.6,United Methodist Church,19099
19101,Iowa,Jefferson County,29.95,35,223.5,Catholic Church,19101
19103,Iowa,Johnson County,29.89,114,74.6,Catholic Church,19103
19105,Iowa,Jones County,46.12,37,179.2,Evangelical Lutheran Church in America,19105
19107,Iowa,Keokuk County,44.58,30,299,United Methodist Church,19107
19109,Iowa,Kossuth County,78.59,41,276.5,Catholic Church,19109
19111,Iowa,Lee County,42.27,60,178.8,Catholic Church,19111
19113,Iowa,Linn County,44.9,196,85.1,Catholic Church,19113
19115,Iowa,Louisa County,34.73,26,239.9,United Methodist Church,19115
19117,Iowa,Lucas County,29.64,22,254.8,United Methodist Church,19117
19119,Iowa,Lyon County,65.63,36,301.7,Reformed Church in America,19119
19121,Iowa,Madison County,35.27,33,199.4,Catholic Church,19121
19123,Iowa,Mahaska County,43.39,45,202.8,United Methodist Church,19123
19125,Iowa,Marion County,54.26,68,203.5,Reformed Church in America,19125
19127,Iowa,Marshall County,53.24,59,147.1,Catholic Church,19127
19129,Iowa,Mills County,31.49,21,145,United Methodist Church,19129
19131,Iowa,Mitchell County,62.84,27,255.6,Evangelical Lutheran Church in America,19131
19133,Iowa,Monona County,47.74,26,297.1,Catholic Church,19133
19135,Iowa,Monroe County,50.11,17,224.4,Catholic Church,19135
19137,Iowa,Montgomery County,51.81,30,290.4,Evangelical Lutheran Church in America,19137
19139,Iowa,Muscatine County,32.08,64,148,Catholic Church,19139
19141,Iowa,O'Brien County,65.12,40,282,Reformed Church in America,19141
19143,Iowa,Osceola County,49.82,19,306.8,Catholic Church,19143
19145,Iowa,Page County,46.71,49,322.1,Lutheran Church--Missouri Synod,19145
19147,Iowa,Palo Alto County,56.94,22,244.6,Catholic Church,19147
19149,Iowa,Plymouth County,61.12,48,186.8,Catholic Church,19149
19151,Iowa,Pocahontas County,46.76,17,240.2,Catholic Church,19151
19153,Iowa,Polk County,38.73,433,87.9,Catholic Church,19153
19155,Iowa,Pottawattamie County,33.19,110,117.4,Catholic Church,19155
19157,Iowa,Poweshiek County,34.4,35,187.5,United Methodist Church,19157
19159,Iowa,Ringgold County,32.25,20,428.9,United Methodist Church,19159
19161,Iowa,Sac County,69.87,32,326.1,Lutheran Church--Missouri Synod,19161
19163,Iowa,Scott County,39.49,143,81.9,Catholic Church,19163
19165,Iowa,Shelby County,61.88,36,306.5,Catholic Church,19165
19167,Iowa,Sioux County,74.64,81,225.8,Reformed Church in America,19167
19169,Iowa,Story County,34.4,105,106.6,Catholic Church,19169
19171,Iowa,Tama County,42.53,33,192.6,Catholic Church,19171
19173,Iowa,Taylor County,55.78,25,424,United Methodist Church,19173
19175,Iowa,Union County,35.01,28,230.7,Catholic Church,19175
19177,Iowa,Van Buren County,38.26,26,361,United Methodist Church,19177
19179,Iowa,Wapello County,29.29,61,172.1,Catholic Church,19179
19181,Iowa,Warren County,32.64,67,127.9,Catholic Church,19181
19183,Iowa,Washington County,41.4,49,217.2,Catholic Church,19183
19185,Iowa,Wayne County,45.53,25,384.8,United Methodist Church,19185
19187,Iowa,Webster County,49.76,57,154.1,Catholic Church,19187
19189,Iowa,Winnebago County,70.82,30,280.9,Evangelical Lutheran Church in America,19189
19191,Iowa,Winneshiek County,69.39,42,209.3,Evangelical Lutheran Church in America,19191
19193,Iowa,Woodbury County,48.44,140,132.1,Catholic Church,19193
19195,Iowa,Worth County,53.73,21,282.1,Evangelical Lutheran Church in America,19195
19197,Iowa,Wright County,48.64,41,316.8,United Methodist Church,19197
20001,Kansas,Allen County,42.39,37,295.4,United Methodist Church,20001
20003,Kansas,Anderson County,60.18,25,319,Catholic Church,20003
20005,Kansas,Atchison County,55.73,30,183.5,Catholic Church,20005
20007,Kansas,Barber County,68.5,19,449.4,Catholic Church,20007
20009,Kansas,Barton County,58.66,57,223.6,Catholic Church,20009
20011,Kansas,Bourbon County,52.87,47,327.3,American Baptist Churches in the USA,20011
20013,Kansas,Brown County,42.15,34,357.6,Catholic Church,20013
20015,Kansas,Butler County,32.52,81,120.2,Catholic Church,20015
20017,Kansas,Chase County,29.98,6,233.3,Catholic Church,20017
20019,Kansas,Chautauqua County,28.77,18,532.7,American Baptist Churches in the USA,20019
20021,Kansas,Cherokee County,33.74,52,268.6,Southern Baptist Convention,20021
20023,Kansas,Cheyenne County,69.57,12,458.7,United Methodist Church,20023
20025,Kansas,Clark County,60.92,11,552.5,United Methodist Church,20025
20027,Kansas,Clay County,50.41,28,345,United Methodist Church,20027
20029,Kansas,Cloud County,37.85,26,287.9,Catholic Church,20029
20031,Kansas,Coffey County,48.16,27,323,United Methodist Church,20031
20033,Kansas,Comanche County,67.44,9,532.9,United Methodist Church,20033
20035,Kansas,Cowley County,39.3,76,220,United Methodist Church,20035
20037,Kansas,Crawford County,42.24,74,189.9,Catholic Church,20037
20039,Kansas,Decatur County,59.12,16,578.9,United Methodist Church,20039
20041,Kansas,Dickinson County,42.82,56,304.3,Catholic Church,20041
20043,Kansas,Doniphan County,37.99,25,332.9,Southern Baptist Convention,20043
20045,Kansas,Douglas County,29.07,128,107.8,Catholic Church,20045
20047,Kansas,Edwards County,56.76,14,481.6,Catholic Church,20047
20049,Kansas,Elk County,44.5,14,563.8,United Methodist Church,20049
20051,Kansas,Ellis County,69.6,43,148.6,Catholic Church,20051
20053,Kansas,Ellsworth County,43.38,21,329.4,Lutheran Church--Missouri Synod,20053
20055,Kansas,Finney County,62.23,48,124.8,Catholic Church,20055
20057,Kansas,Ford County,59.17,48,140,Catholic Church,20057
20059,Kansas,Franklin County,34.66,60,230.8,Non-denominational Christian Churches,20059
20061,Kansas,Geary County,37.68,53,144.3,Non-denominational Christian Churches,20061
20063,Kansas,Gove County,63.32,11,404.7,Catholic Church,20063
20065,Kansas,Graham County,58.92,14,579.7,Catholic Church,20065
20067,Kansas,Grant County,73.72,22,299.2,Catholic Church,20067
20069,Kansas,Gray County,69.2,21,371.5,"Church of Christ, Mennonite",20069
20071,Kansas,Greeley County,34.11,6,467.3,United Methodist Church,20071
20073,Kansas,Greenwood County,43.52,29,482,Southern Baptist Convention,20073
20075,Kansas,Hamilton County,50.83,10,397.1,United Methodist Church,20075
20077,Kansas,Harper County,50.68,27,492.3,Christian Churches and Churches of Christ,20077
20079,Kansas,Harvey County,46.08,74,217.5,Mennonite Church USA,20079
20081,Kansas,Haskell County,63.68,12,317.5,Southern Baptist Convention,20081
20083,Kansas,Hodgeman County,44.69,10,580.4,Catholic Church,20083
20085,Kansas,Jackson County,27.13,24,181.4,United Methodist Church,20085
20087,Kansas,Jefferson County,36.65,41,223.2,United Methodist Church,20087
20089,Kansas,Jewell County,48.98,17,579.8,United Methodist Church,20089
20091,Kansas,Johnson County,46.62,370,60.7,Catholic Church,20091
20093,Kansas,Kearny County,55.51,13,326.4,United Methodist Church,20093
20095,Kansas,Kingman County,60.47,26,348.1,Catholic Church,20095
20097,Kansas,Kiowa County,71.83,13,528.5,United Methodist Church,20097
20099,Kansas,Labette County,53.09,58,287.4,Catholic Church,20099
20101,Kansas,Lane County,65.76,7,444.7,United Methodist Church,20101
20103,Kansas,Leavenworth County,37.82,82,100.1,Catholic Church,20103
20105,Kansas,Lincoln County,66.83,14,476.4,Lutheran Church--Missouri Synod,20105
20107,Kansas,Linn County,33.78,25,260.7,Non-denominational Christian Churches,20107
20109,Kansas,Logan County,64.52,11,398.3,Catholic Church,20109
20111,Kansas,Lyon County,45,57,177.1,Catholic Church,20111
20113,Kansas,McPherson County,52.33,72,238.2,Evangelical Lutheran Church in America,20113
20115,Kansas,Marion County,51.13,36,304.5,United Methodist Church,20115
20117,Kansas,Marshall County,84.61,42,418.4,Catholic Church,20117
20119,Kansas,Meade County,88.04,20,493.2,Non-denominational Christian Churches,20119
20121,Kansas,Miami County,40.38,59,172.6,Catholic Church,20121
20123,Kansas,Mitchell County,64.84,16,276.1,Catholic Church,20123
20125,Kansas,Montgomery County,51.44,98,311.2,Christian Churches and Churches of Christ,20125
20127,Kansas,Morris County,44.24,16,297.1,United Methodist Church,20127
20129,Kansas,Morton County,44.58,12,444.3,United Methodist Church,20129
20131,Kansas,Nemaha County,76.46,29,282.3,Catholic Church,20131
20133,Kansas,Neosho County,47.03,44,276.7,Catholic Church,20133
20135,Kansas,Ness County,73.17,17,632.7,Catholic Church,20135
20137,Kansas,Norton County,65.49,19,348,Christian Churches and Churches of Christ,20137
20139,Kansas,Osage County,33.53,31,196.6,Non-denominational Christian Churches,20139
20141,Kansas,Osborne County,51.69,19,542.9,United Methodist Church,20141
20143,Kansas,Ottawa County,38.03,18,313.9,Non-denominational Christian Churches,20143
20145,Kansas,Pawnee County,52.71,20,319.8,Catholic Church,20145
20147,Kansas,Phillips County,85.65,28,562.1,Catholic Church,20147
20149,Kansas,Pottawatomie County,49.96,42,165.7,Catholic Church,20149
20151,Kansas,Pratt County,49.96,26,283.9,United Methodist Church,20151
20153,Kansas,Rawlins County,53.03,9,351.4,Catholic Church,20153
20155,Kansas,Reno County,46.38,106,171.2,Non-denominational Christian Churches,20155
20157,Kansas,Republic County,64.89,25,534.9,United Methodist Church,20157
20159,Kansas,Rice County,48.83,36,381.9,United Methodist Church,20159
20161,Kansas,Riley County,38.56,77,107,Catholic Church,20161
20163,Kansas,Rooks County,75.46,16,325.3,Catholic Church,20163
20165,Kansas,Rush County,57.44,14,473.6,Evangelical Lutheran Church in America,20165
20167,Kansas,Russell County,58.38,25,373.6,Evangelical Lutheran Church in America,20167
20169,Kansas,Saline County,43.44,83,152.8,Catholic Church,20169
20171,Kansas,Scott County,67.33,14,271.8,Catholic Church,20171
20173,Kansas,Sedgwick County,46.01,544,103.9,Catholic Church,20173
20175,Kansas,Seward County,44.12,44,200.3,Catholic Church,20175
20177,Kansas,Shawnee County,42.68,216,120.7,Catholic Church,20177
20179,Kansas,Sheridan County,70.86,14,572.1,Catholic Church,20179
20181,Kansas,Sherman County,52.12,17,286.8,Catholic Church,20181
20183,Kansas,Smith County,61.4,20,560.2,Evangelical Lutheran Church in America,20183
20185,Kansas,Stafford County,31.39,14,343.8,United Methodist Church,20185
20187,Kansas,Stanton County,60.46,7,335.9,Catholic Church,20187
20189,Kansas,Stevens County,52.23,17,323.8,Southern Baptist Convention,20189
20191,Kansas,Sumner County,46.05,60,268.1,United Methodist Church,20191
20193,Kansas,Thomas County,55.78,23,290,United Methodist Church,20193
20195,Kansas,Trego County,61.25,13,463,Catholic Church,20195
20197,Kansas,Wabaunsee County,33.94,18,261.7,Lutheran Church--Missouri Synod,20197
20199,Kansas,Wallace County,44.91,5,330.7,United Methodist Church,20199
20201,Kansas,Washington County,81.41,28,506.3,Catholic Church,20201
20203,Kansas,Wichita County,36.11,9,418.2,Catholic Church,20203
20205,Kansas,Wilson County,39.58,31,359.5,Christian Churches and Churches of Christ,20205
20207,Kansas,Woodson County,20.39,8,256.8,United Methodist Church,20207
20209,Kansas,Wyandotte County,49.92,277,163.7,Catholic Church,20209
21001,Kentucky,Adair County,32.42,52,275.1,United Methodist Church,21001
21003,Kentucky,Allen County,34.28,42,204,Southern Baptist Convention,21003
21005,Kentucky,Anderson County,54.14,44,184.5,Southern Baptist Convention,21005
21007,Kentucky,Ballard County,89.42,32,414.1,Southern Baptist Convention,21007
21009,Kentucky,Barren County,42.99,89,200.1,Southern Baptist Convention,21009
21011,Kentucky,Bath County,38.1,40,313.7,"Church of God (Anderson, Indiana)",21011
21013,Kentucky,Bell County,84.65,82,340.3,Southern Baptist Convention,21013
21015,Kentucky,Boone County,42.54,85,62.5,Catholic Church,21015
21017,Kentucky,Bourbon County,44.87,48,237,Southern Baptist Convention,21017
21019,Kentucky,Boyd County,52.31,101,209.3,Southern Baptist Convention,21019
21021,Kentucky,Boyle County,73.76,80,261.3,Southern Baptist Convention,21021
21023,Kentucky,Bracken County,42.85,28,333.3,Christian Churches and Churches of Christ,21023
21025,Kentucky,Breathitt County,17.71,29,211.4,United Methodist Church,21025
21027,Kentucky,Breckinridge County,53.01,65,318.1,Southern Baptist Convention,21027
21029,Kentucky,Bullitt County,29.8,93,113.1,Southern Baptist Convention,21029
21031,Kentucky,Butler County,76.65,54,436.5,Southern Baptist Convention,21031
21033,Kentucky,Caldwell County,97.42,44,347.9,Southern Baptist Convention,21033
21035,Kentucky,Calloway County,61.34,96,258.7,Southern Baptist Convention,21035
21037,Kentucky,Campbell County,50.36,95,102.1,Catholic Church,21037
21039,Kentucky,Carlisle County,65.46,17,352.3,Southern Baptist Convention,21039
21041,Kentucky,Carroll County,41.82,21,194.3,Southern Baptist Convention,21041
21043,Kentucky,Carter County,30.85,70,262.9,Southern Baptist Convention,21043
21045,Kentucky,Casey County,51.2,72,451.7,Southern Baptist Convention,21045
21047,Kentucky,Christian County,53.09,142,195.2,Southern Baptist Convention,21047
21049,Kentucky,Clark County,41.69,66,178.5,Southern Baptist Convention,21049
21051,Kentucky,Clay County,43.61,47,231,Southern Baptist Convention,21051
21053,Kentucky,Clinton County,60.3,35,378.3,Southern Baptist Convention,21053
21055,Kentucky,Crittenden County,64.44,33,367.1,Southern Baptist Convention,21055
21057,Kentucky,Cumberland County,59.1,40,679.3,United Methodist Church,21057
21059,Kentucky,Daviess County,63.87,146,141.3,Southern Baptist Convention,21059
21061,Kentucky,Edmonson County,130.22,19,156.7,Southern Baptist Convention,21061
21063,Kentucky,Elliott County,9.14,4,54.4,United Methodist Church,21063
21065,Kentucky,Estill County,37.88,38,268.3,Southern Baptist Convention,21065
21067,Kentucky,Fayette County,48.44,313,97,Southern Baptist Convention,21067
21069,Kentucky,Fleming County,31.47,58,384.6,United Methodist Church,21069
21071,Kentucky,Floyd County,33.29,79,219.8,Southern Baptist Convention,21071
21073,Kentucky,Franklin County,45.11,86,166.9,Southern Baptist Convention,21073
21075,Kentucky,Fulton County,74.29,33,506.5,Southern Baptist Convention,21075
21077,Kentucky,Gallatin County,30.15,14,161.1,Southern Baptist Convention,21077
21079,Kentucky,Garrard County,50.34,35,206.5,Southern Baptist Convention,21079
21081,Kentucky,Grant County,50.34,48,192.5,Southern Baptist Convention,21081
21083,Kentucky,Graves County,73.12,120,327.4,Southern Baptist Convention,21083
21085,Kentucky,Grayson County,42.62,75,283.9,Southern Baptist Convention,21085
21087,Kentucky,Green County,89.32,49,441.2,Southern Baptist Convention,21087
21089,Kentucky,Greenup County,35.92,82,228,Southern Baptist Convention,21089
21091,Kentucky,Hancock County,87.82,26,285.9,Southern Baptist Convention,21091
21093,Kentucky,Hardin County,43.91,164,148.1,Southern Baptist Convention,21093
21095,Kentucky,Harlan County,51.73,105,391.3,Southern Baptist Convention,21095
21097,Kentucky,Harrison County,47.2,52,278.2,Christian Churches and Churches of Christ,21097
21099,Kentucky,Hart County,47.11,72,373.3,Southern Baptist Convention,21099
21101,Kentucky,Henderson County,57.73,73,163,Southern Baptist Convention,21101
21103,Kentucky,Henry County,37.69,41,261.5,Southern Baptist Convention,21103
21105,Kentucky,Hickman County,111.26,31,685.7,Southern Baptist Convention,21105
21107,Kentucky,Hopkins County,62.28,122,268.6,Southern Baptist Convention,21107
21109,Kentucky,Jackson County,34.24,32,247,Southern Baptist Convention,21109
21111,Kentucky,Jefferson County,51.07,800,102.2,Catholic Church,21111
21113,Kentucky,Jessamine County,55.51,56,105.7,Christian Churches and Churches of Christ,21113
21115,Kentucky,Johnson County,29.84,49,216,National Association of Free Will Baptists,21115
21117,Kentucky,Kenton County,43.23,134,79.3,Catholic Church,21117
21119,Kentucky,Knott County,26.44,26,182.4,Southern Baptist Convention,21119
21121,Kentucky,Knox County,60.98,74,245.1,Southern Baptist Convention,21121
21123,Kentucky,Larue County,47.76,39,262.3,Southern Baptist Convention,21123
21125,Kentucky,Laurel County,43.09,101,161.3,Southern Baptist Convention,21125
21127,Kentucky,Lawrence County,35.87,41,251.6,Southern Baptist Convention,21127
21129,Kentucky,Lee County,30.93,27,365.1,Churches of Christ,21129
21131,Kentucky,Leslie County,30.87,30,285.4,Southern Baptist Convention,21131
21133,Kentucky,Letcher County,31.03,60,278.4,Southern Baptist Convention,21133
21135,Kentucky,Lewis County,23.69,38,290.5,Christian Churches and Churches of Christ,21135
21137,Kentucky,Lincoln County,53.1,69,284.2,Southern Baptist Convention,21137
21139,Kentucky,Livingston County,70.52,40,450,Southern Baptist Convention,21139
21141,Kentucky,Logan County,70.18,95,346.3,Southern Baptist Convention,21141
21143,Kentucky,Lyon County,65.54,28,322.6,Southern Baptist Convention,21143
21145,Kentucky,McCracken County,77.19,148,218,Southern Baptist Convention,21145
21147,Kentucky,McCreary County,27.24,30,177.6,Southern Baptist Convention,21147
21149,Kentucky,McLean County,78.1,31,338.7,Southern Baptist Convention,21149
21151,Kentucky,Madison County,37.31,132,142.4,Southern Baptist Convention,21151
21153,Kentucky,Magoffin County,31.14,27,232,Non-denominational Christian Churches,21153
21155,Kentucky,Marion County,51.24,39,199.2,Catholic Church,21155
21157,Kentucky,Marshall County,68.24,84,265.3,Southern Baptist Convention,21157
21159,Kentucky,Martin County,25.54,30,265.8,National Association of Free Will Baptists,21159
21161,Kentucky,Mason County,58.78,62,362.1,United Methodist Church,21161
21163,Kentucky,Meade County,48.81,42,140,Southern Baptist Convention,21163
21165,Kentucky,Menifee County,18.99,10,163.6,Non-denominational Christian Churches,21165
21167,Kentucky,Mercer County,61.48,60,265,Southern Baptist Convention,21167
21169,Kentucky,Metcalfe County,65.63,43,418,Southern Baptist Convention,21169
21171,Kentucky,Monroe County,57.88,50,441,Southern Baptist Convention,21171
21173,Kentucky,Montgomery County,42.22,48,170.7,Southern Baptist Convention,21173
21175,Kentucky,Morgan County,24.23,28,204,Non-denominational Christian Churches,21175
21177,Kentucky,Muhlenberg County,74.08,98,316.9,Southern Baptist Convention,21177
21179,Kentucky,Nelson County,44.68,64,136.9,Catholic Church,21179
21181,Kentucky,Nicholas County,41.5,28,371.5,United Methodist Church,21181
21183,Kentucky,Ohio County,68.26,89,374.4,Southern Baptist Convention,21183
21185,Kentucky,Oldham County,36.63,66,97.6,Catholic Church,21185
21187,Kentucky,Owen County,49.83,36,319.2,Southern Baptist Convention,21187
21189,Kentucky,Owsley County,27.55,13,320.9,Southern Baptist Convention,21189
21191,Kentucky,Pendleton County,48.18,44,300.5,Southern Baptist Convention,21191
21193,Kentucky,Perry County,35.04,74,259.9,Southern Baptist Convention,21193
21195,Kentucky,Pike County,33.35,129,219.9,Southern Baptist Convention,21195
21197,Kentucky,Powell County,35.76,33,251.4,Southern Baptist Convention,21197
21199,Kentucky,Pulaski County,54.83,167,256.8,Southern Baptist Convention,21199
21201,Kentucky,Robertson County,23.39,7,319.2,Southern Baptist Convention,21201
21203,Kentucky,Rockcastle County,57.69,46,286.8,Southern Baptist Convention,21203
21205,Kentucky,Rowan County,24.92,34,137.9,Southern Baptist Convention,21205
21207,Kentucky,Russell County,45.97,56,311.3,Southern Baptist Convention,21207
21209,Kentucky,Scott County,32.07,74,129.5,Southern Baptist Convention,21209
21211,Kentucky,Shelby County,49.46,71,147.7,Southern Baptist Convention,21211
21213,Kentucky,Simpson County,45.93,41,209.2,Southern Baptist Convention,21213
21215,Kentucky,Spencer County,34.77,21,107.7,Southern Baptist Convention,21215
21217,Kentucky,Taylor County,67.56,67,257.5,Southern Baptist Convention,21217
21219,Kentucky,Todd County,77.24,56,457.4,Southern Baptist Convention,21219
21221,Kentucky,Trigg County,82.56,53,376.9,Southern Baptist Convention,21221
21223,Kentucky,Trimble County,38.61,16,188.8,Southern Baptist Convention,21223
21225,Kentucky,Union County,73.84,54,395.1,Southern Baptist Convention,21225
21227,Kentucky,Warren County,42.08,170,126.3,Southern Baptist Convention,21227
21229,Kentucky,Washington County,71.95,35,291,Catholic Church,21229
21231,Kentucky,Wayne County,66.99,54,276.1,Southern Baptist Convention,21231
21233,Kentucky,Webster County,58.98,52,399.5,Southern Baptist Convention,21233
21235,Kentucky,Whitley County,57.84,91,247.9,Southern Baptist Convention,21235
21237,Kentucky,Wolfe County,31.41,19,289.5,Non-denominational Christian Churches,21237
21239,Kentucky,Woodford County,62.67,53,197.2,Southern Baptist Convention,21239
22001,Louisiana,Acadia Parish,59.67,77,133.7,Catholic Church,22001
22003,Louisiana,Allen Parish,46.49,57,250.5,Southern Baptist Convention,22003
22005,Louisiana,Ascension Parish,49.68,86,68,Catholic Church,22005
22007,Louisiana,Assumption Parish,61.96,22,104.6,Catholic Church,22007
22009,Louisiana,Avoyelles Parish,59.36,72,181.4,Catholic Church,22009
22011,Louisiana,Beauregard Parish,70.9,99,270.9,Southern Baptist Convention,22011
22013,Louisiana,Bienville Parish,78.84,71,547,Southern Baptist Convention,22013
22015,Louisiana,Bossier Parish,58.84,172,133.6,Southern Baptist Convention,22015
22017,Louisiana,Caddo Parish,80.85,383,161,Southern Baptist Convention,22017
22019,Louisiana,Calcasieu Parish,60.65,264,121.8,Catholic Church,22019
22021,Louisiana,Caldwell Parish,52.36,32,331.8,Southern Baptist Convention,22021
22023,Louisiana,Cameron Parish,69.81,16,284.8,Catholic Church,22023
22025,Louisiana,Catahoula Parish,78.91,47,527.7,Southern Baptist Convention,22025
22027,Louisiana,Claiborne Parish,59.77,68,479.9,Southern Baptist Convention,22027
22029,Louisiana,Concordia Parish,48.35,49,262.2,Southern Baptist Convention,22029
22031,Louisiana,De Soto Parish,57.01,89,331.9,Southern Baptist Convention,22031
22033,Louisiana,East Baton Rouge Parish,63.33,532,116.5,Catholic Church,22033
22035,Louisiana,East Carroll Parish,26.14,18,241.3,Southern Baptist Convention,22035
22037,Louisiana,East Feliciana Parish,48.52,53,271.3,Southern Baptist Convention,22037
22039,Louisiana,Evangeline Parish,49.68,47,145.3,Catholic Church,22039
22041,Louisiana,Franklin Parish,74.89,72,364.1,Southern Baptist Convention,22041
22043,Louisiana,Grant Parish,42.79,56,252.6,Southern Baptist Convention,22043
22045,Louisiana,Iberia Parish,73.19,69,98.7,Catholic Church,22045
22047,Louisiana,Iberville Parish,46.4,43,142.2,Catholic Church,22047
22049,Louisiana,Jackson Parish,87.49,61,405.8,Southern Baptist Convention,22049
22051,Louisiana,Jefferson Parish,70.89,383,86.9,Catholic Church,22051
22053,Louisiana,Jefferson Davis Parish,69.76,51,158.1,Catholic Church,22053
22055,Louisiana,Lafayette Parish,70.88,161,66.6,Catholic Church,22055
22057,Louisiana,Lafourche Parish,52.16,76,77.9,Catholic Church,22057
22059,Louisiana,LaSalle Parish,60.37,51,344.8,Southern Baptist Convention,22059
22061,Louisiana,Lincoln Parish,54.56,85,175.6,Southern Baptist Convention,22061
22063,Louisiana,Livingston Parish,49.18,143,100.5,Southern Baptist Convention,22063
22065,Louisiana,Madison Parish,47.45,20,199.7,Southern Baptist Convention,22065
22067,Louisiana,Morehouse Parish,56.99,88,343.4,Southern Baptist Convention,22067
22069,Louisiana,Natchitoches Parish,51.8,115,306.5,Southern Baptist Convention,22069
22071,Louisiana,Orleans Parish,55.76,431,112.2,Catholic Church,22071
22073,Louisiana,Ouachita Parish,61.37,277,172.7,Southern Baptist Convention,22073
22075,Louisiana,Plaquemines Parish,74.42,25,106.3,Catholic Church,22075
22077,Louisiana,Pointe Coupee Parish,56.41,41,197.5,Catholic Church,22077
22079,Louisiana,Rapides Parish,73.47,305,234.6,Southern Baptist Convention,22079
22081,Louisiana,Red River Parish,53.16,31,406.8,Southern Baptist Convention,22081
22083,Louisiana,Richland Parish,53.9,72,359.2,Southern Baptist Convention,22083
22085,Louisiana,Sabine Parish,79.13,97,437.8,Southern Baptist Convention,22085
22087,Louisiana,St. Bernard Parish,44.36,30,68.5,Catholic Church,22087
22089,Louisiana,St. Charles Parish,57.27,44,83.7,Catholic Church,22089
22091,Louisiana,St. Helena Parish,52.36,36,329.7,Southern Baptist Convention,22091
22093,Louisiana,St. James Parish,117.98,28,138.7,Catholic Church,22093
22095,Louisiana,St. John the Baptist Parish,59.69,37,87.1,Catholic Church,22095
22097,Louisiana,St. Landry Parish,68.76,102,123.6,Catholic Church,22097
22099,Louisiana,St. Martin Parish,57.13,37,71.5,Catholic Church,22099
22101,Louisiana,St. Mary Parish,61.38,91,184.2,Catholic Church,22101
22103,Louisiana,St. Tammany Parish,81.06,235,88.8,Catholic Church,22103
22105,Louisiana,Tangipahoa Parish,52.3,216,162.2,Catholic Church,22105
22107,Louisiana,Tensas Parish,40.49,16,385.8,Southern Baptist Convention,22107
22109,Louisiana,Terrebonne Parish,61.62,113,103.1,Catholic Church,22109
22111,Louisiana,Union Parish,67.83,83,393.2,Southern Baptist Convention,22111
22113,Louisiana,Vermilion Parish,48.81,50,87.2,Catholic Church,22113
22115,Louisiana,Vernon Parish,55.8,110,225.6,Southern Baptist Convention,22115
22117,Louisiana,Washington Parish,53.72,115,253,Southern Baptist Convention,22117
22119,Louisiana,Webster Parish,66.95,102,275.9,Southern Baptist Convention,22119
22121,Louisiana,West Baton Rouge Parish,45.93,24,88.2,Catholic Church,22121
22123,Louisiana,West Carroll Parish,90.24,49,502.5,Southern Baptist Convention,22123
22125,Louisiana,West Feliciana Parish,30.18,15,98,Southern Baptist Convention,22125
22127,Louisiana,Winn Parish,77.76,59,428.9,Southern Baptist Convention,22127
23001,Maine,Androscoggin County,40.08,86,77.4,Catholic Church,23001
23003,Maine,Aroostook County,51.43,136,202.7,Catholic Church,23003
23005,Maine,Cumberland County,32.96,267,88.1,Catholic Church,23005
23007,Maine,Franklin County,25.37,50,169.7,Catholic Church,23007
23009,Maine,Hancock County,17.83,103,185.7,Catholic Church,23009
23011,Maine,Kennebec County,39.13,134,108.4,Catholic Church,23011
23013,Maine,Knox County,30.61,66,162.5,Catholic Church,23013
23015,Maine,Lincoln County,20.18,47,133.4,Catholic Church,23015
23017,Maine,Oxford County,17.44,84,145.4,Catholic Church,23017
23019,Maine,Penobscot County,29.09,174,114.3,Catholic Church,23019
23021,Maine,Piscataquis County,17.61,27,160.7,Non-denominational Christian Churches,23021
23023,Maine,Sagadahoc County,24.23,51,139,Catholic Church,23023
23025,Maine,Somerset County,16.55,68,134.7,Catholic Church,23025
23027,Maine,Waldo County,14.88,47,118.7,Non-denominational Christian Churches,23027
23029,Maine,Washington County,19.79,81,260.5,Catholic Church,23029
23031,Maine,York County,32.4,153,72.2,Catholic Church,23031
24001,Maryland,Allegany County,40.88,145,212.9,Catholic Church,24001
24003,Maryland,Anne Arundel County,33.86,371,63.1,Catholic Church,24003
24005,Maryland,Baltimore County,34.66,569,66.6,Catholic Church,24005
24009,Maryland,Calvert County,41.19,72,77.6,Catholic Church,24009
24011,Maryland,Caroline County,35.55,60,180.2,United Methodist Church,24011
24013,Maryland,Carroll County,39.79,155,89.7,Catholic Church,24013
24015,Maryland,Cecil County,29.81,121,116.7,Non-denominational Christian Churches,24015
24017,Maryland,Charles County,39.86,145,87,Catholic Church,24017
24019,Maryland,Dorchester County,35.62,81,249,United Methodist Church,24019
24021,Maryland,Frederick County,36.68,275,101.2,Catholic Church,24021
24023,Maryland,Garrett County,37.75,96,333.3,United Methodist Church,24023
24025,Maryland,Harford County,34.98,205,78.6,Catholic Church,24025
24027,Maryland,Howard County,43.1,222,66.8,Catholic Church,24027
24029,Maryland,Kent County,38.95,48,250,Catholic Church,24029
24031,Maryland,Montgomery County,53.42,776,73.1,Catholic Church,24031
24033,Maryland,Prince George's County,50.04,873,90.3,Catholic Church,24033
24035,Maryland,Queen Anne's County,40.91,63,126.3,Catholic Church,24035
24037,Maryland,St. Mary's County,44.32,88,77.3,Catholic Church,24037
24039,Maryland,Somerset County,22.59,49,199,United Methodist Church,24039
24041,Maryland,Talbot County,49.65,68,181.2,Catholic Church,24041
24043,Maryland,Washington County,37.97,232,150,Non-denominational Christian Churches,24043
24045,Maryland,Wicomico County,40.36,162,156.4,United Methodist Church,24045
24047,Maryland,Worcester County,63.92,112,213.5,Catholic Church,24047
24510,Maryland,Baltimore city,51.33,725,123.8,Non-denominational Christian Churches,24510
25001,Massachusetts,Barnstable County,36.11,175,76.4,Catholic Church,25001
25003,Massachusetts,Berkshire County,42.82,125,96.9,Catholic Church,25003
25005,Massachusetts,Bristol County,42.09,317,54.7,Catholic Church,25005
25007,Massachusetts,Dukes County,25.03,27,131.1,Catholic Church,25007
25009,Massachusetts,Essex County,49.08,453,55.9,Catholic Church,25009
25011,Massachusetts,Franklin County,23.61,83,116.9,Catholic Church,25011
25013,Massachusetts,Hampden County,47.14,336,72.1,Catholic Church,25013
25015,Massachusetts,Hampshire County,24.01,103,63.5,Catholic Church,25015
25017,Massachusetts,Middlesex County,54.08,958,58.7,Catholic Church,25017
25019,Massachusetts,Nantucket County,32.59,9,63.1,Catholic Church,25019
25021,Massachusetts,Norfolk County,53.42,370,51,Catholic Church,25021
25023,Massachusetts,Plymouth County,43.08,302,56.9,Catholic Church,25023
25025,Massachusetts,Suffolk County,58.86,496,62.2,Catholic Church,25025
25027,Massachusetts,Worcester County,44.81,601,69.7,Catholic Church,25027
26001,Michigan,Alcona County,17.88,23,226.2,Non-denominational Christian Churches,26001
26003,Michigan,Alger County,28.33,21,237.5,Catholic Church,26003
26005,Michigan,Allegan County,36.45,127,105.4,Catholic Church,26005
26007,Michigan,Alpena County,35.3,46,159.1,Catholic Church,26007
26009,Michigan,Antrim County,24.27,44,187.8,Catholic Church,26009
26011,Michigan,Arenac County,28.1,25,166.6,Catholic Church,26011
26013,Michigan,Baraga County,36.39,21,257.4,Catholic Church,26013
26015,Michigan,Barry County,24.59,62,99.3,Non-denominational Christian Churches,26015
26017,Michigan,Bay County,39.67,89,85.7,Catholic Church,26017
26019,Michigan,Benzie County,22.1,31,172.5,Evangelical Lutheran Church in America,26019
26021,Michigan,Berrien County,43.69,229,148.4,Catholic Church,26021
26023,Michigan,Branch County,33.95,70,156,Catholic Church,26023
26025,Michigan,Calhoun County,32.27,169,125.8,Catholic Church,26025
26027,Michigan,Cass County,23.73,63,122.1,Catholic Church,26027
26029,Michigan,Charlevoix County,35.31,41,157.4,Catholic Church,26029
26031,Michigan,Cheboygan County,27.07,40,156.4,Catholic Church,26031
26033,Michigan,Chippewa County,27.33,69,187.6,Catholic Church,26033
26035,Michigan,Clare County,32,55,178.2,Catholic Church,26035
26037,Michigan,Clinton County,33.52,63,79.6,Catholic Church,26037
26039,Michigan,Crawford County,13.06,16,123.2,Non-denominational Christian Churches,26039
26041,Michigan,Delta County,57.29,58,157.2,Catholic Church,26041
26043,Michigan,Dickinson County,49.3,43,165.7,Catholic Church,26043
26045,Michigan,Eaton County,27.72,91,83.4,Non-denominational Christian Churches,26045
26047,Michigan,Emmet County,33.25,52,152.4,Catholic Church,26047
26049,Michigan,Genesee County,40.5,469,115.5,Catholic Church,26049
26051,Michigan,Gladwin County,29.21,42,165.4,Catholic Church,26051
26053,Michigan,Gogebic County,32.28,30,208.6,Catholic Church,26053
26055,Michigan,Grand Traverse County,30.24,76,79.8,Catholic Church,26055
26057,Michigan,Gratiot County,24.07,64,153.3,Catholic Church,26057
26059,Michigan,Hillsdale County,24.33,76,166.1,Non-denominational Christian Churches,26059
26061,Michigan,Houghton County,36.13,62,165.9,Catholic Church,26061
26063,Michigan,Huron County,52.46,73,232.4,Catholic Church,26063
26065,Michigan,Ingham County,39.6,273,95.8,Catholic Church,26065
26067,Michigan,Ionia County,30.22,80,119.8,Catholic Church,26067
26069,Michigan,Iosco County,31.32,42,166.4,Catholic Church,26069
26071,Michigan,Iron County,35.57,23,197.7,Catholic Church,26071
26073,Michigan,Isabella County,32.53,62,96.3,Catholic Church,26073
26075,Michigan,Jackson County,28.04,141,87.9,Catholic Church,26075
26077,Michigan,Kalamazoo County,39.02,222,84.8,Catholic Church,26077
26079,Michigan,Kalkaska County,19.02,22,122.6,Non-denominational Christian Churches,26079
26081,Michigan,Kent County,42.92,602,91.5,Catholic Church,26081
26083,Michigan,Keweenaw County,25.81,7,342.1,Evangelical Lutheran Church in America,26083
26085,Michigan,Lake County,31.99,26,214.9,Catholic Church,26085
26087,Michigan,Lapeer County,26.44,79,89.1,Catholic Church,26087
26089,Michigan,Leelanau County,30.13,31,139,Catholic Church,26089
26091,Michigan,Lenawee County,33.62,123,123.7,Catholic Church,26091
26093,Michigan,Livingston County,29.46,106,54.7,Catholic Church,26093
26095,Michigan,Luce County,39.93,16,299.7,Catholic Church,26095
26097,Michigan,Mackinac County,41.67,30,276.9,Non-denominational Christian Churches,26097
26099,Michigan,Macomb County,37.05,401,45.5,Catholic Church,26099
26101,Michigan,Manistee County,23.28,38,151.8,Catholic Church,26101
26103,Michigan,Marquette County,43.34,88,133.3,Catholic Church,26103
26105,Michigan,Mason County,35.82,45,154.9,Catholic Church,26105
26107,Michigan,Mecosta County,29.31,56,141,Catholic Church,26107
26109,Michigan,Menominee County,49.12,36,153.2,Catholic Church,26109
26111,Michigan,Midland County,44.31,87,104.2,Catholic Church,26111
26113,Michigan,Missaukee County,32.9,27,179.4,Christian Reformed Church in North America,26113
26115,Michigan,Monroe County,45.64,140,90.4,Catholic Church,26115
26117,Michigan,Montcalm County,26.73,104,156.1,Non-denominational Christian Churches,26117
26119,Michigan,Montmorency County,25.03,18,196.7,Lutheran Church--Missouri Synod,26119
26121,Michigan,Muskegon County,28.36,182,103.5,Catholic Church,26121
26123,Michigan,Newaygo County,35.52,80,160.1,Non-denominational Christian Churches,26123
26125,Michigan,Oakland County,48.28,754,59.2,Catholic Church,26125
26127,Michigan,Oceana County,26.22,49,183.8,Catholic Church,26127
26129,Michigan,Ogemaw County,27.87,28,134.8,Assemblies of God,26129
26131,Michigan,Ontonagon County,38.24,27,464.2,Catholic Church,26131
26133,Michigan,Osceola County,30.06,44,192.2,Catholic Church,26133
26135,Michigan,Oscoda County,18.23,14,170.3,"Church of God (Anderson, Indiana)",26135
26137,Michigan,Otsego County,30.54,31,123.6,Catholic Church,26137
26139,Michigan,Ottawa County,44.22,285,96.2,Reformed Church in America,26139
26141,Michigan,Presque Isle County,39.61,33,254.2,Lutheran Church--Missouri Synod,26141
26143,Michigan,Roscommon County,21.31,37,157.7,Catholic Church,26143
26145,Michigan,Saginaw County,47.79,222,116.8,Catholic Church,26145
26147,Michigan,St. Clair County,34.17,129,80.4,Catholic Church,26147
26149,Michigan,St. Joseph County,40.03,113,185.4,Non-denominational Christian Churches,26149
26151,Michigan,Sanilac County,29.9,87,214.2,Catholic Church,26151
26153,Michigan,Schoolcraft County,52.73,24,298.2,Catholic Church,26153
26155,Michigan,Shiawassee County,24.7,94,138,Catholic Church,26155
26157,Michigan,Tuscola County,37.69,91,170.7,Lutheran Church--Missouri Synod,26157
26159,Michigan,Van Buren County,28.48,101,133.6,Catholic Church,26159
26161,Michigan,Washtenaw County,31.76,302,81.1,Catholic Church,26161
26163,Michigan,Wayne County,47.17,1546,86.2,Catholic Church,26163
26165,Michigan,Wexford County,30.03,55,163.3,Non-denominational Christian Churches,26165
27001,Minnesota,Aitkin County,48.09,42,267.6,Evangelical Lutheran Church in America,27001
27003,Minnesota,Anoka County,42.29,189,51.9,Catholic Church,27003
27005,Minnesota,Becker County,52.91,62,176.2,Catholic Church,27005
27007,Minnesota,Beltrami County,34.9,69,149.3,Evangelical Lutheran Church in America,27007
27009,Minnesota,Benton County,52.32,39,94.3,Catholic Church,27009
27011,Minnesota,Big Stone County,80.68,25,483.9,Evangelical Lutheran Church in America,27011
27013,Minnesota,Blue Earth County,52.68,77,111.4,Catholic Church,27013
27015,Minnesota,Brown County,87.86,41,158.2,Catholic Church,27015
27017,Minnesota,Carlton County,38.8,57,157.4,Catholic Church,27017
27019,Minnesota,Carver County,50.67,68,63.6,Catholic Church,27019
27021,Minnesota,Cass County,23.92,54,179.6,Evangelical Lutheran Church in America,27021
27023,Minnesota,Chippewa County,77.59,26,206.4,Evangelical Lutheran Church in America,27023
27025,Minnesota,Chisago County,34.56,48,84.8,Catholic Church,27025
27027,Minnesota,Clay County,46.28,74,113.3,Evangelical Lutheran Church in America,27027
27029,Minnesota,Clearwater County,53.93,30,351.9,Evangelical Lutheran Church in America,27029
27031,Minnesota,Cook County,30.63,16,285.7,Evangelical Lutheran Church in America,27031
27033,Minnesota,Cottonwood County,61.31,35,303.9,Evangelical Lutheran Church in America,27033
27035,Minnesota,Crow Wing County,43.54,82,124,Catholic Church,27035
27037,Minnesota,Dakota County,52.55,225,51.2,Catholic Church,27037
27039,Minnesota,Dodge County,59.4,38,182.1,Evangelical Lutheran Church in America,27039
27041,Minnesota,Douglas County,58.86,62,158.9,Evangelical Lutheran Church in America,27041
27043,Minnesota,Faribault County,74.27,39,280.2,Evangelical Lutheran Church in America,27043
27045,Minnesota,Fillmore County,73.69,73,343.9,Evangelical Lutheran Church in America,27045
27047,Minnesota,Freeborn County,58.84,60,194.2,Evangelical Lutheran Church in America,27047
27049,Minnesota,Goodhue County,65.01,87,182.8,Evangelical Lutheran Church in America,27049
27051,Minnesota,Grant County,81.61,23,378.7,Evangelical Lutheran Church in America,27051
27053,Minnesota,Hennepin County,51.16,906,70.7,Catholic Church,27053
27055,Minnesota,Houston County,62.11,29,153.9,Catholic Church,27055
27057,Minnesota,Hubbard County,33.8,33,154.6,Evangelical Lutheran Church in America,27057
27059,Minnesota,Isanti County,20.09,41,99.7,Evangelical Lutheran Church in America,27059
27061,Minnesota,Itasca County,39.45,89,197.7,Catholic Church,27061
27063,Minnesota,Jackson County,70.99,25,250.3,Evangelical Lutheran Church in America,27063
27065,Minnesota,Kanabec County,26.45,21,131,Evangelical Lutheran Church in America,27065
27067,Minnesota,Kandiyohi County,67.49,71,162.4,Evangelical Lutheran Church in America,27067
27069,Minnesota,Kittson County,78.39,21,499.2,Evangelical Lutheran Church in America,27069
27071,Minnesota,Koochiching County,49.38,34,281.9,Catholic Church,27071
27073,Minnesota,Lac qui Parle County,97.37,27,401.8,Evangelical Lutheran Church in America,27073
27075,Minnesota,Lake County,47.35,25,229.3,Evangelical Lutheran Church in America,27075
27077,Minnesota,Lake of the Woods County,61.73,14,372,Evangelical Lutheran Church in America,27077
27079,Minnesota,Le Sueur County,47.4,31,108.1,Catholic Church,27079
27081,Minnesota,Lincoln County,79.02,20,354.6,Evangelical Lutheran Church in America,27081
27083,Minnesota,Lyon County,61.98,44,174.1,Catholic Church,27083
27085,Minnesota,McLeod County,69.83,51,138.7,Catholic Church,27085
27087,Minnesota,Mahnomen County,44.67,14,258.7,Catholic Church,27087
27089,Minnesota,Marshall County,63.31,39,431.4,Evangelical Lutheran Church in America,27089
27091,Minnesota,Martin County,80.07,46,229.7,Catholic Church,27091
27093,Minnesota,Meeker County,47.88,39,166.7,Evangelical Lutheran Church in America,27093
27095,Minnesota,Mille Lacs County,54.89,49,185.2,Catholic Church,27095
27097,Minnesota,Morrison County,60.44,55,161.7,Catholic Church,27097
27099,Minnesota,Mower County,56.31,60,149.9,Catholic Church,27099
27101,Minnesota,Murray County,68.85,23,281.2,Catholic Church,27101
27103,Minnesota,Nicollet County,51.09,33,95.8,Catholic Church,27103
27105,Minnesota,Nobles County,65,51,228.8,Catholic Church,27105
27107,Minnesota,Norman County,71.96,28,434.7,Evangelical Lutheran Church in America,27107
27109,Minnesota,Olmsted County,47.59,143,87.8,Catholic Church,27109
27111,Minnesota,Otter Tail County,56.14,137,228,Evangelical Lutheran Church in America,27111
27113,Minnesota,Pennington County,61.08,32,228.7,Evangelical Lutheran Church in America,27113
27115,Minnesota,Pine County,54.61,56,193.9,Catholic Church,27115
27117,Minnesota,Pipestone County,70.99,31,328.9,Christian Reformed Church in North America,27117
27119,Minnesota,Polk County,54.6,79,253.3,Evangelical Lutheran Church in America,27119
27121,Minnesota,Pope County,57.95,33,291.8,Evangelical Lutheran Church in America,27121
27123,Minnesota,Ramsey County,42.47,419,75.9,Catholic Church,27123
27125,Minnesota,Red Lake County,77.2,11,279.5,Catholic Church,27125
27127,Minnesota,Redwood County,80.34,48,311.2,Catholic Church,27127
27129,Minnesota,Renville County,74.51,45,305.6,Evangelical Lutheran Church in America,27129
27131,Minnesota,Rice County,55.98,67,99.9,Catholic Church,27131
27133,Minnesota,Rock County,71,21,216.4,Evangelical Lutheran Church in America,27133
27135,Minnesota,Roseau County,45.52,44,287,Evangelical Lutheran Church in America,27135
27137,Minnesota,St. Louis County,35.22,261,130.3,Catholic Church,27137
27139,Minnesota,Scott County,50.22,75,49.7,Catholic Church,27139
27141,Minnesota,Sherburne County,29.52,56,57.6,Catholic Church,27141
27143,Minnesota,Sibley County,66.33,41,276.4,Catholic Church,27143
27145,Minnesota,Stearns County,52.99,131,82.8,Catholic Church,27145
27147,Minnesota,Steele County,61.25,46,123,Evangelical Lutheran Church in America,27147
27149,Minnesota,Stevens County,77.03,29,299.9,Evangelical Lutheran Church in America,27149
27151,Minnesota,Swift County,68.1,27,274.4,Evangelical Lutheran Church in America,27151
27153,Minnesota,Todd County,48.14,56,221.7,Catholic Church,27153
27155,Minnesota,Traverse County,64.52,11,327.4,Catholic Church,27155
27157,Minnesota,Wabasha County,70.79,38,177.7,Catholic Church,27157
27159,Minnesota,Wadena County,55.31,46,327.1,Catholic Church,27159
27161,Minnesota,Waseca County,64.06,38,200.3,Catholic Church,27161
27163,Minnesota,Washington County,44.18,125,46.7,Catholic Church,27163
27165,Minnesota,Watonwan County,73.65,31,275.5,Evangelical Lutheran Church in America,27165
27167,Minnesota,Wilkin County,54.29,15,230.6,Evangelical Lutheran Church in America,27167
27169,Minnesota,Winona County,56.04,78,157,Catholic Church,27169
27171,Minnesota,Wright County,43.56,106,75,Catholic Church,27171
27173,Minnesota,Yellow Medicine County,74.09,30,314.9,Evangelical Lutheran Church in America,27173
28001,Mississippi,Adams County,86.23,73,247.1,Southern Baptist Convention,28001
28003,Mississippi,Alcorn County,72.77,111,319.5,Southern Baptist Convention,28003
28005,Mississippi,Amite County,49.91,48,377.4,Southern Baptist Convention,28005
28007,Mississippi,Attala County,56.85,62,346.6,Southern Baptist Convention,28007
28009,Mississippi,Benton County,74.39,29,379.3,Southern Baptist Convention,28009
28011,Mississippi,Bolivar County,53.33,96,309.8,Southern Baptist Convention,28011
28013,Mississippi,Calhoun County,83.21,72,542.7,Southern Baptist Convention,28013
28015,Mississippi,Carroll County,57.95,46,460.1,Southern Baptist Convention,28015
28017,Mississippi,Chickasaw County,76.86,84,491.1,Southern Baptist Convention,28017
28019,Mississippi,Choctaw County,59.88,37,448.7,Southern Baptist Convention,28019
28021,Mississippi,Claiborne County,12.99,31,339.4,Non-denominational Christian Churches,28021
28023,Mississippi,Clarke County,66.38,74,473.9,Southern Baptist Convention,28023
28025,Mississippi,Clay County,88.57,62,332.7,Southern Baptist Convention,28025
28027,Mississippi,Coahoma County,52.78,52,243.1,Southern Baptist Convention,28027
28029,Mississippi,Copiah County,55.27,100,352.5,Southern Baptist Convention,28029
28031,Mississippi,Covington County,59.65,60,327.2,Southern Baptist Convention,28031
28033,Mississippi,DeSoto County,51.36,208,112.2,Southern Baptist Convention,28033
28035,Mississippi,Forrest County,71.37,153,195.8,Southern Baptist Convention,28035
28037,Mississippi,Franklin County,68.01,41,534.2,Southern Baptist Convention,28037
28039,Mississippi,George County,47.63,72,295.7,Southern Baptist Convention,28039
28041,Mississippi,Greene County,32.31,61,450.8,Southern Baptist Convention,28041
28043,Mississippi,Grenada County,65.52,64,295.9,Southern Baptist Convention,28043
28045,Mississippi,Hancock County,28.92,55,119.4,Catholic Church,28045
28047,Mississippi,Harrison County,44.26,260,124.6,Catholic Church,28047
28049,Mississippi,Hinds County,76.51,467,205.1,Non-denominational Christian Churches,28049
28051,Mississippi,Holmes County,48.82,75,441.2,Southern Baptist Convention,28051
28053,Mississippi,Humphreys County,38.29,31,398.2,Southern Baptist Convention,28053
28055,Mississippi,Issaquena County,15.77,4,299,Southern Baptist Convention,28055
28057,Mississippi,Itawamba County,46.68,96,402.3,Southern Baptist Convention,28057
28059,Mississippi,Jackson County,48.34,208,145.2,Southern Baptist Convention,28059
28061,Mississippi,Jasper County,46.65,71,433.8,Southern Baptist Convention,28061
28063,Mississippi,Jefferson County,36.96,27,371.9,United Methodist Church,28063
28065,Mississippi,Jefferson Davis County,51.22,40,353.3,Southern Baptist Convention,28065
28067,Mississippi,Jones County,75.04,196,291.5,Southern Baptist Convention,28067
28069,Mississippi,Kemper County,38.64,49,545.2,United Methodist Church,28069
28071,Mississippi,Lafayette County,39.42,85,152.3,Southern Baptist Convention,28071
28073,Mississippi,Lamar County,45.2,77,119.9,Southern Baptist Convention,28073
28075,Mississippi,Lauderdale County,75.82,191,261.7,Southern Baptist Convention,28075
28077,Mississippi,Lawrence County,59.81,40,332.9,Southern Baptist Convention,28077
28079,Mississippi,Leake County,60.82,85,399.5,Southern Baptist Convention,28079
28081,Mississippi,Lee County,58.09,182,218.4,Southern Baptist Convention,28081
28083,Mississippi,Leflore County,60.64,82,289.4,Southern Baptist Convention,28083
28085,Mississippi,Lincoln County,68.44,98,280.7,Southern Baptist Convention,28085
28087,Mississippi,Lowndes County,84.24,149,253.1,Southern Baptist Convention,28087
28089,Mississippi,Madison County,61.68,143,131,Southern Baptist Convention,28089
28091,Mississippi,Marion County,77.62,98,401,Southern Baptist Convention,28091
28093,Mississippi,Marshall County,58.6,110,325.9,Southern Baptist Convention,28093
28095,Mississippi,Monroe County,53.06,124,362.8,Southern Baptist Convention,28095
28097,Mississippi,Montgomery County,81.99,45,458.2,Southern Baptist Convention,28097
28099,Mississippi,Neshoba County,58.35,100,343.8,Southern Baptist Convention,28099
28101,Mississippi,Newton County,52.97,67,314.7,Southern Baptist Convention,28101
28103,Mississippi,Noxubee County,45.56,42,408.4,Southern Baptist Convention,28103
28105,Mississippi,Oktibbeha County,48.44,91,175.7,Southern Baptist Convention,28105
28107,Mississippi,Panola County,50.72,102,307.2,Southern Baptist Convention,28107
28109,Mississippi,Pearl River County,62.98,100,178.1,Southern Baptist Convention,28109
28111,Mississippi,Perry County,58.26,48,417,Southern Baptist Convention,28111
28113,Mississippi,Pike County,68.4,100,248,Southern Baptist Convention,28113
28115,Mississippi,Pontotoc County,66.28,95,304.6,Southern Baptist Convention,28115
28117,Mississippi,Prentiss County,73.64,92,367.9,Southern Baptist Convention,28117
28119,Mississippi,Quitman County,60.64,32,518.1,Southern Baptist Convention,28119
28121,Mississippi,Rankin County,54.05,199,126.7,Southern Baptist Convention,28121
28123,Mississippi,Scott County,65.7,96,343,Southern Baptist Convention,28123
28125,Mississippi,Sharkey County,60.13,17,447.4,Southern Baptist Convention,28125
28127,Mississippi,Simpson County,88.91,93,358.4,Southern Baptist Convention,28127
28129,Mississippi,Smith County,44.96,52,366,Southern Baptist Convention,28129
28131,Mississippi,Stone County,40.12,39,212.7,Southern Baptist Convention,28131
28133,Mississippi,Sunflower County,39.73,73,281.1,Southern Baptist Convention,28133
28135,Mississippi,Tallahatchie County,40.28,48,377.5,Southern Baptist Convention,28135
28137,Mississippi,Tate County,59.72,69,245.9,Southern Baptist Convention,28137
28139,Mississippi,Tippah County,69.25,86,394.2,Southern Baptist Convention,28139
28141,Mississippi,Tishomingo County,50.16,75,397.9,Southern Baptist Convention,28141
28143,Mississippi,Tunica County,23.03,18,184,Southern Baptist Convention,28143
28145,Mississippi,Union County,82.91,84,302.4,Southern Baptist Convention,28145
28147,Mississippi,Walthall County,48.05,30,216.1,Southern Baptist Convention,28147
28149,Mississippi,Warren County,67.57,105,234.8,Southern Baptist Convention,28149
28151,Mississippi,Washington County,75.62,132,293.8,Southern Baptist Convention,28151
28153,Mississippi,Wayne County,60.53,82,414.6,Southern Baptist Convention,28153
28155,Mississippi,Webster County,67.99,43,433.2,Southern Baptist Convention,28155
28157,Mississippi,Wilkinson County,53.07,29,337.7,Southern Baptist Convention,28157
28159,Mississippi,Winston County,69.41,77,434.7,Southern Baptist Convention,28159
28161,Mississippi,Yalobusha County,95.03,55,440.7,Southern Baptist Convention,28161
28163,Mississippi,Yazoo County,48.26,79,295.4,Southern Baptist Convention,28163
29001,Missouri,Adair County,41.27,54,213.3,Non-denominational Christian Churches,29001
29003,Missouri,Andrew County,44.54,24,132.3,Non-denominational Christian Churches,29003
29005,Missouri,Atchison County,39.68,22,414.7,United Methodist Church,29005
29007,Missouri,Audrain County,51.75,68,272.4,Southern Baptist Convention,29007
29009,Missouri,Barry County,51.97,96,278,Southern Baptist Convention,29009
29011,Missouri,Barton County,62.95,43,369.5,Southern Baptist Convention,29011
29013,Missouri,Bates County,43.92,50,311.7,Southern Baptist Convention,29013
29015,Missouri,Benton County,46.68,46,237.2,Southern Baptist Convention,29015
29017,Missouri,Bollinger County,42.93,38,359.6,Southern Baptist Convention,29017
29019,Missouri,Boone County,37.04,184,100.2,Non-denominational Christian Churches,29019
29021,Missouri,Buchanan County,44.63,117,138,Non-denominational Christian Churches,29021
29023,Missouri,Butler County,39.73,89,211.3,Southern Baptist Convention,29023
29025,Missouri,Caldwell County,53.83,30,340.3,Southern Baptist Convention,29025
29027,Missouri,Callaway County,30.06,72,162.6,Southern Baptist Convention,29027
29029,Missouri,Camden County,40.51,67,156.7,Southern Baptist Convention,29029
29031,Missouri,Cape Girardeau County,58.47,116,142,Catholic Church,29031
29033,Missouri,Carroll County,68,29,341.4,Southern Baptist Convention,29033
29035,Missouri,Carter County,43.77,23,442.1,Southern Baptist Convention,29035
29037,Missouri,Cass County,30.43,113,104.8,Southern Baptist Convention,29037
29039,Missouri,Cedar County,39.12,36,253.7,Southern Baptist Convention,29039
29041,Missouri,Chariton County,61.04,32,432,Catholic Church,29041
29043,Missouri,Christian County,68.46,105,118.2,Assemblies of God,29043
29045,Missouri,Clark County,34.58,24,361.8,Southern Baptist Convention,29045
29047,Missouri,Clay County,39.48,210,82.9,Southern Baptist Convention,29047
29049,Missouri,Clinton County,44.73,35,165.2,Southern Baptist Convention,29049
29051,Missouri,Cole County,61.22,99,128.1,Catholic Church,29051
29053,Missouri,Cooper County,53.29,53,309.9,Southern Baptist Convention,29053
29055,Missouri,Crawford County,29.75,55,238.5,Southern Baptist Convention,29055
29057,Missouri,Dade County,58.4,32,422.8,Southern Baptist Convention,29057
29059,Missouri,Dallas County,42.63,34,199.2,Southern Baptist Convention,29059
29061,Missouri,Daviess County,64.91,40,474.5,Southern Baptist Convention,29061
29063,Missouri,DeKalb County,25.52,30,272,Southern Baptist Convention,29063
29065,Missouri,Dent County,43.41,37,256.6,Southern Baptist Convention,29065
29067,Missouri,Douglas County,30.96,26,224.6,Church of the Nazarene,29067
29069,Missouri,Dunklin County,43.24,69,244,Southern Baptist Convention,29069
29071,Missouri,Franklin County,50.93,178,170,Catholic Church,29071
29073,Missouri,Gasconade County,51.66,43,290.7,Southern Baptist Convention,29073
29075,Missouri,Gentry County,73.03,25,405.7,Southern Baptist Convention,29075
29077,Missouri,Greene County,47.89,371,124.1,Southern Baptist Convention,29077
29079,Missouri,Grundy County,72.71,43,438.4,Southern Baptist Convention,29079
29081,Missouri,Harrison County,51.32,35,429.1,Southern Baptist Convention,29081
29083,Missouri,Henry County,49.37,60,273.4,Southern Baptist Convention,29083
29085,Missouri,Hickory County,33.22,22,265.7,Southern Baptist Convention,29085
29087,Missouri,Holt County,56.9,25,592,Christian Churches and Churches of Christ,29087
29089,Missouri,Howard County,48.12,30,295.5,Non-denominational Christian Churches,29089
29091,Missouri,Howell County,41.74,94,236.5,Southern Baptist Convention,29091
29093,Missouri,Iron County,36.66,34,356.5,Southern Baptist Convention,29093
29095,Missouri,Jackson County,51.2,857,119.5,Non-denominational Christian Churches,29095
29097,Missouri,Jasper County,49.64,198,161.3,Southern Baptist Convention,29097
29099,Missouri,Jefferson County,35.16,170,75,Catholic Church,29099
29101,Missouri,Johnson County,29.26,84,155.5,Southern Baptist Convention,29101
29103,Missouri,Knox County,65.01,18,480.8,Southern Baptist Convention,29103
29105,Missouri,Laclede County,55.31,80,222,Southern Baptist Convention,29105
29107,Missouri,Lafayette County,55.88,77,233.4,Southern Baptist Convention,29107
29109,Missouri,Lawrence County,52.7,103,271,Southern Baptist Convention,29109
29111,Missouri,Lewis County,46.85,36,358.9,Southern Baptist Convention,29111
29113,Missouri,Lincoln County,29.1,59,99,Catholic Church,29113
29115,Missouri,Linn County,73.89,50,421.1,Southern Baptist Convention,29115
29117,Missouri,Livingston County,56.96,38,261,Southern Baptist Convention,29117
29119,Missouri,McDonald County,39.07,47,201.7,Southern Baptist Convention,29119
29121,Missouri,Macon County,64.11,54,355.1,Southern Baptist Convention,29121
29123,Missouri,Madison County,52.64,44,348.5,Non-denominational Christian Churches,29123
29125,Missouri,Maries County,44.17,25,296.5,Southern Baptist Convention,29125
29127,Missouri,Marion County,48.02,71,248.9,Southern Baptist Convention,29127
29129,Missouri,Mercer County,80.38,21,593.6,Southern Baptist Convention,29129
29131,Missouri,Miller County,51.73,62,250.8,Catholic Church,29131
29133,Missouri,Mississippi County,46.62,35,278.3,Southern Baptist Convention,29133
29135,Missouri,Moniteau County,48.32,43,277.9,Southern Baptist Convention,29135
29137,Missouri,Monroe County,65.6,34,392.3,Southern Baptist Convention,29137
29139,Missouri,Montgomery County,38.82,42,371,Southern Baptist Convention,29139
29141,Missouri,Morgan County,42.09,58,276.1,Southern Baptist Convention,29141
29143,Missouri,New Madrid County,56.88,53,322.5,Southern Baptist Convention,29143
29145,Missouri,Newton County,49.69,113,192.7,Southern Baptist Convention,29145
29147,Missouri,Nodaway County,51.81,42,197.7,Catholic Church,29147
29149,Missouri,Oregon County,59.58,49,567.5,Southern Baptist Convention,29149
29151,Missouri,Osage County,62.96,33,248.6,Catholic Church,29151
29153,Missouri,Ozark County,27.81,24,280.6,Churches of Christ,29153
29155,Missouri,Pemiscot County,62.69,53,338.4,Southern Baptist Convention,29155
29157,Missouri,Perry County,69.95,29,153,Catholic Church,29157
29159,Missouri,Pettis County,52.59,93,216.4,Southern Baptist Convention,29159
29161,Missouri,Phelps County,39.19,81,181.5,Southern Baptist Convention,29161
29163,Missouri,Pike County,46.14,68,386.6,Southern Baptist Convention,29163
29165,Missouri,Platte County,28.3,71,66.5,Catholic Church,29165
29167,Missouri,Polk County,39.38,66,209.4,Southern Baptist Convention,29167
29169,Missouri,Pulaski County,35.45,82,152,Southern Baptist Convention,29169
29171,Missouri,Putnam County,52.53,16,341.8,Southern Baptist Convention,29171
29173,Missouri,Ralls County,33.03,18,173.8,Southern Baptist Convention,29173
29175,Missouri,Randolph County,39.63,51,206.3,Southern Baptist Convention,29175
29177,Missouri,Ray County,38.98,50,215.9,Southern Baptist Convention,29177
29179,Missouri,Reynolds County,60.1,25,410.1,Southern Baptist Convention,29179
29181,Missouri,Ripley County,35.32,41,383.9,Southern Baptist Convention,29181
29183,Missouri,St. Charles County,49.65,230,56.8,Catholic Church,29183
29185,Missouri,St. Clair County,50.76,31,333.9,Southern Baptist Convention,29185
29186,Missouri,Ste. Genevieve County,48.99,26,140.7,Catholic Church,29186
29187,Missouri,St. Francois County,37.78,130,194.3,Southern Baptist Convention,29187
29189,Missouri,St. Louis County,50.74,693,69,Catholic Church,29189
29195,Missouri,Saline County,48.79,58,248.6,Southern Baptist Convention,29195
29197,Missouri,Schuyler County,52.58,17,421.6,Christian Churches and Churches of Christ,29197
29199,Missouri,Scotland County,61.75,25,530.1,Weaverland Mennonite Conference,29199
29201,Missouri,Scott County,54.26,89,233.8,Southern Baptist Convention,29201
29203,Missouri,Shannon County,31.28,26,369.8,Southern Baptist Convention,29203
29205,Missouri,Shelby County,48.39,30,491.6,Christian Churches and Churches of Christ,29205
29207,Missouri,Stoddard County,33.12,72,251.1,Southern Baptist Convention,29207
29209,Missouri,Stone County,33.23,58,186.6,Southern Baptist Convention,29209
29211,Missouri,Sullivan County,58.41,21,350.1,Southern Baptist Convention,29211
29213,Missouri,Taney County,43.25,84,149.8,Non-denominational Christian Churches,29213
29215,Missouri,Texas County,52.83,88,359.4,Southern Baptist Convention,29215
29217,Missouri,Vernon County,43.82,49,248.6,Southern Baptist Convention,29217
29219,Missouri,Warren County,37.59,33,92.9,Catholic Church,29219
29221,Missouri,Washington County,34.11,57,242.4,Catholic Church,29221
29223,Missouri,Wayne County,32.96,29,264.3,Southern Baptist Convention,29223
29225,Missouri,Webster County,46.45,96,245.6,Southern Baptist Convention,29225
29227,Missouri,Worth County,146.83,11,557.5,Southern Baptist Convention,29227
29229,Missouri,Wright County,65.42,71,390.4,Southern Baptist Convention,29229
29510,Missouri,St. Louis city,79.79,511,169.4,Catholic Church,29510
30001,Montana,Beaverhead County,45.9,26,277.5,Church of Jesus Christ of Latter-day Saints,30001
30003,Montana,Big Horn County,37.65,42,320,Catholic Church,30003
30005,Montana,Blaine County,43.36,31,440.1,Catholic Church,30005
30007,Montana,Broadwater County,14.47,9,132.9,Catholic Church,30007
30009,Montana,Carbon County,23.06,26,248.3,Catholic Church,30009
30011,Montana,Carter County,47.63,7,494.7,Church of Jesus Christ of Latter-day Saints,30011
30013,Montana,Cascade County,37.81,115,136.2,Non-denominational Christian Churches,30013
30015,Montana,Chouteau County,41.97,19,322.3,Catholic Church,30015
30017,Montana,Custer County,39.75,21,177,Catholic Church,30017
30019,Montana,Daniels County,42.08,8,481.6,Catholic Church,30019
30021,Montana,Dawson County,72.91,22,246.1,Non-denominational Christian Churches,30021
30023,Montana,Deer Lodge County,34.91,13,138,Catholic Church,30023
30025,Montana,Fallon County,55.49,10,328,Evangelical Lutheran Church in America,30025
30027,Montana,Fergus County,37.01,38,332,Catholic Church,30027
30029,Montana,Flathead County,37.02,121,115.9,Non-denominational Christian Churches,30029
30031,Montana,Gallatin County,29.54,108,90.8,Catholic Church,30031
30033,Montana,Garfield County,48.25,7,596.8,Church of Jesus Christ of Latter-day Saints,30033
30035,Montana,Glacier County,80.7,26,188.7,Catholic Church,30035
30037,Montana,Golden Valley County,26,5,607.5,Lehrerleut Hutterite,30037
30039,Montana,Granite County,22.61,8,241.8,Catholic Church,30039
30041,Montana,Hill County,30.85,37,226.9,Catholic Church,30041
30043,Montana,Jefferson County,27.68,23,190.3,Church of Jesus Christ of Latter-day Saints,30043
30045,Montana,Judith Basin County,25.41,8,395.5,Catholic Church,30045
30047,Montana,Lake County,29.53,56,179.9,Catholic Church,30047
30049,Montana,Lewis and Clark County,34.82,80,112.7,Catholic Church,30049
30051,Montana,Liberty County,85.66,12,612.6,Lehrerleut Hutterite,30051
30053,Montana,Lincoln County,30.56,45,228.7,Church of Jesus Christ of Latter-day Saints,30053
30055,Montana,McCone County,43.78,11,636.2,Evangelical Lutheran Church in America,30055
30057,Montana,Madison County,24.92,24,278.3,Church of Jesus Christ of Latter-day Saints,30057
30059,Montana,Meagher County,37.26,8,415.2,Church of Jesus Christ of Latter-day Saints,30059
30061,Montana,Mineral County,23.66,13,286.7,Non-denominational Christian Churches,30061
30063,Montana,Missoula County,26.77,112,95,Catholic Church,30063
30065,Montana,Musselshell County,24.57,18,380.5,Catholic Church,30065
30067,Montana,Park County,31.25,32,186.1,Catholic Church,30067
30069,Montana,Petroleum County,7.46,2,403.2,Catholic Church,30069
30071,Montana,Phillips County,39.63,22,521.7,Evangelical Lutheran Church in America,30071
30073,Montana,Pondera County,59.77,22,373,Catholic Church,30073
30075,Montana,Powder River County,20.78,5,295.2,Catholic Church,30075
30077,Montana,Powell County,30.42,17,244.7,Catholic Church,30077
30079,Montana,Prairie County,25.37,7,643.4,Presbyterian Church (U.S.A.),30079
30081,Montana,Ravalli County,28.36,65,147.1,Non-denominational Christian Churches,30081
30083,Montana,Richland County,37.66,30,261.1,Evangelical Lutheran Church in America,30083
30085,Montana,Roosevelt County,41.01,40,370.6,Catholic Church,30085
30087,Montana,Rosebud County,67.31,27,324.2,Catholic Church,30087
30089,Montana,Sanders County,27.44,39,314.5,Church of Jesus Christ of Latter-day Saints,30089
30091,Montana,Sheridan County,43.2,23,649.9,Evangelical Lutheran Church in America,30091
30093,Montana,Silver Bow County,43.77,41,116.7,Catholic Church,30093
30095,Montana,Stillwater County,33.33,20,223.1,Non-denominational Christian Churches,30095
30097,Montana,Sweet Grass County,27.95,11,299.1,Evangelical Lutheran Church in America,30097
30099,Montana,Teton County,76.71,24,385.5,Catholic Church,30099
30101,Montana,Toole County,49.53,20,402.3,Evangelical Lutheran Church in America,30101
30103,Montana,Treasure County,44.23,4,524.9,Catholic Church,30103
30105,Montana,Valley County,28.13,26,343.1,Evangelical Lutheran Church in America,30105
30107,Montana,Wheatland County,68.54,13,628.3,Lehrerleut Hutterite,30107
30109,Montana,Wibaux County,54,5,533.6,Catholic Church,30109
30111,Montana,Yellowstone County,33.56,162,98.3,Catholic Church,30111
31001,Nebraska,Adams County,49.05,51,163.4,Catholic Church,31001
31003,Nebraska,Antelope County,70.68,27,428.9,Catholic Church,31003
31005,Nebraska,Arthur County,0,1,230.4,American Baptist Churches in the USA,31005
31007,Nebraska,Banner County,17.66,2,296.7,Non-denominational Christian Churches,31007
31009,Nebraska,Blaine County,58.7,5,1160.1,Non-denominational Christian Churches,31009
31011,Nebraska,Boone County,88.44,21,390.4,Catholic Church,31011
31013,Nebraska,Box Butte County,50.43,26,239.8,Catholic Church,31013
31015,Nebraska,Boyd County,88.9,18,994.5,Catholic Church,31015
31017,Nebraska,Brown County,60.21,12,413.4,United Methodist Church,31017
31019,Nebraska,Buffalo County,52.01,65,129.8,Catholic Church,31019
31021,Nebraska,Burt County,45.57,25,371.9,United Methodist Church,31021
31023,Nebraska,Butler County,56.69,20,239,Catholic Church,31023
31025,Nebraska,Cass County,27.62,44,165.4,Catholic Church,31025
31027,Nebraska,Cedar County,90.95,22,262.5,Catholic Church,31027
31029,Nebraska,Chase County,58.28,16,411,Lutheran Church--Missouri Synod,31029
31031,Nebraska,Cherry County,48.6,16,293.3,Catholic Church,31031
31033,Nebraska,Cheyenne County,45.15,33,348.5,Catholic Church,31033
31035,Nebraska,Clay County,50.67,22,360.4,Catholic Church,31035
31037,Nebraska,Colfax County,64.08,17,160.7,Catholic Church,31037
31039,Nebraska,Cuming County,83.48,24,266.3,Catholic Church,31039
31041,Nebraska,Custer County,55.28,41,388.8,Catholic Church,31041
31043,Nebraska,Dakota County,42.13,25,115.8,Catholic Church,31043
31045,Nebraska,Dawes County,41.25,21,256.1,Catholic Church,31045
31047,Nebraska,Dawson County,54.58,61,253,Catholic Church,31047
31049,Nebraska,Deuel County,48.8,10,544.1,United Methodist Church,31049
31051,Nebraska,Dixon County,69.23,23,410.3,Evangelical Lutheran Church in America,31051
31053,Nebraska,Dodge County,53.14,56,150.7,Catholic Church,31053
31055,Nebraska,Douglas County,51.36,453,77.5,Catholic Church,31055
31057,Nebraska,Dundy County,58.77,8,483.7,Evangelical Lutheran Church in America,31057
31059,Nebraska,Fillmore County,62.76,25,450.4,United Methodist Church,31059
31061,Nebraska,Franklin County,68.5,15,519.2,Evangelical Lutheran Church in America,31061
31063,Nebraska,Frontier County,56.69,11,436.7,United Methodist Church,31063
31065,Nebraska,Furnas County,76.12,29,625.5,United Methodist Church,31065
31067,Nebraska,Gage County,61.32,53,244.2,Evangelical Lutheran Church in America,31067
31069,Nebraska,Garden County,46.96,11,587,Catholic Church,31069
31071,Nebraska,Garfield County,93.38,10,551.6,Catholic Church,31071
31073,Nebraska,Gosper County,50.08,6,317,Lutheran Church--Missouri Synod,31073
31075,Nebraska,Grant County,66.12,7,1145.7,Catholic Church,31075
31077,Nebraska,Greeley County,110.92,10,457,Catholic Church,31077
31079,Nebraska,Hall County,45.46,63,100.2,Catholic Church,31079
31081,Nebraska,Hamilton County,62.19,28,297,United Methodist Church,31081
31083,Nebraska,Harlan County,38.63,13,423,United Methodist Church,31083
31085,Nebraska,Hayes County,38.9,5,584.1,Christian and Missionary Alliance,31085
31087,Nebraska,Hitchcock County,52.6,17,649.8,United Methodist Church,31087
31089,Nebraska,Holt County,83.19,36,355.5,Catholic Church,31089
31091,Nebraska,Hooker County,116.6,7,984.5,United Methodist Church,31091
31093,Nebraska,Howard County,60.91,16,247.1,Catholic Church,31093
31095,Nebraska,Jefferson County,63.69,27,372.9,Lutheran Church--Missouri Synod,31095
31097,Nebraska,Johnson County,39.66,12,226.8,Lutheran Church--Missouri Synod,31097
31099,Nebraska,Kearney County,50.3,18,269.1,Evangelical Lutheran Church in America,31099
31101,Nebraska,Keith County,53.91,23,275.9,Catholic Church,31101
31103,Nebraska,Keya Paha County,67.88,5,650.2,Non-denominational Christian Churches,31103
31105,Nebraska,Kimball County,43.77,12,349.4,Catholic Church,31105
31107,Nebraska,Knox County,77.95,31,369.4,Catholic Church,31107
31109,Nebraska,Lancaster County,44.16,249,77.2,Catholic Church,31109
31111,Nebraska,Lincoln County,25.83,50,144.2,United Methodist Church,31111
31113,Nebraska,Logan County,81.42,4,558.7,Catholic Church,31113
31115,Nebraska,Loup County,3.46,1,164.7,Assemblies of God,31115
31117,Nebraska,McPherson County,33.58,2,501.3,United Methodist Church,31117
31119,Nebraska,Madison County,68.19,53,148.9,Catholic Church,31119
31121,Nebraska,Merrick County,48.11,27,352.1,United Methodist Church,31121
31123,Nebraska,Morrill County,51.09,16,351.3,Catholic Church,31123
31125,Nebraska,Nance County,59.38,9,266.3,Catholic Church,31125
31127,Nebraska,Nemaha County,46.25,30,424.1,Evangelical Lutheran Church in America,31127
31129,Nebraska,Nuckolls County,59.29,20,488.4,Catholic Church,31129
31131,Nebraska,Otoe County,49.53,44,276.5,Evangelical Lutheran Church in America,31131
31133,Nebraska,Pawnee County,42.45,15,589.6,United Church of Christ,31133
31135,Nebraska,Perkins County,46.85,12,419.9,United Methodist Church,31135
31137,Nebraska,Phelps County,38.09,24,267.6,Lutheran Church--Missouri Synod,31137
31139,Nebraska,Pierce County,75.15,16,218.7,Lutheran Church--Missouri Synod,31139
31141,Nebraska,Platte County,72.12,48,140,Catholic Church,31141
31143,Nebraska,Polk County,51.48,18,345.2,Catholic Church,31143
31145,Nebraska,Red Willow County,52.45,25,233.6,Catholic Church,31145
31147,Nebraska,Richardson County,51.25,33,419.3,Catholic Church,31147
31149,Nebraska,Rock County,46.28,6,475.4,United Methodist Church,31149
31151,Nebraska,Saline County,47.18,27,188.9,Catholic Church,31151
31153,Nebraska,Sarpy County,31.51,98,51.4,Catholic Church,31153
31155,Nebraska,Saunders County,44.65,45,202,Catholic Church,31155
31157,Nebraska,Scotts Bluff County,47.23,69,191.2,Catholic Church,31157
31159,Nebraska,Seward County,66.59,43,244.2,Lutheran Church--Missouri Synod,31159
31161,Nebraska,Sheridan County,61.91,29,565.6,Catholic Church,31161
31163,Nebraska,Sherman County,75.87,11,371.7,Catholic Church,31163
31165,Nebraska,Sioux County,39.3,4,352.4,Non-denominational Christian Churches,31165
31167,Nebraska,Stanton County,29.8,9,154.1,Catholic Church,31167
31169,Nebraska,Thayer County,85.58,30,595.9,Evangelical Lutheran Church in America,31169
31171,Nebraska,Thomas County,49.78,6,896.9,Catholic Church,31171
31173,Nebraska,Thurston County,40.2,22,324.8,Evangelical Lutheran Church in America,31173
31175,Nebraska,Valley County,59.82,12,295.6,Catholic Church,31175
31177,Nebraska,Washington County,46.64,26,124.6,Evangelical Lutheran Church in America,31177
31179,Nebraska,Wayne County,64.42,17,175.3,United Methodist Church,31179
31181,Nebraska,Webster County,43.51,15,441.8,United Methodist Church,31181
31183,Nebraska,Wheeler County,30.75,4,516.8,United Methodist Church,31183
31185,Nebraska,York County,62.95,32,226.5,Lutheran Church--Missouri Synod,31185
32001,Nevada,Churchill County,37.28,25,98,Catholic Church,32001
32003,Nevada,Clark County,43.29,951,42,Catholic Church,32003
32005,Nevada,Douglas County,40.8,31,62.6,Catholic Church,32005
32007,Nevada,Elko County,46.66,55,102.4,Catholic Church,32007
32009,Nevada,Esmeralda County,13.58,2,274.3,Catholic Church,32009
32011,Nevada,Eureka County,49.16,7,377.4,Church of Jesus Christ of Latter-day Saints,32011
32013,Nevada,Humboldt County,39.69,17,98.4,Catholic Church,32013
32015,Nevada,Lander County,70.82,18,313.9,Catholic Church,32015
32017,Nevada,Lincoln County,72.64,16,355.6,Church of Jesus Christ of Latter-day Saints,32017
32019,Nevada,Lyon County,20.64,44,74.3,Church of Jesus Christ of Latter-day Saints,32019
32021,Nevada,Mineral County,33.03,16,351.3,Church of Jesus Christ of Latter-day Saints,32021
32023,Nevada,Nye County,21.56,49,95,Catholic Church,32023
32027,Nevada,Pershing County,23.49,13,195.5,Catholic Church,32027
32029,Nevada,Storey County,32.75,4,97.5,Catholic Church,32029
32031,Nevada,Washoe County,38.7,235,48.3,Catholic Church,32031
32033,Nevada,White Pine County,54.91,18,198.2,Church of Jesus Christ of Latter-day Saints,32033
32510,Nevada,Carson City,34.35,39,66.5,Catholic Church,32510
33001,New Hampshire,Belknap County,33.41,64,100.5,Catholic Church,33001
33003,New Hampshire,Carroll County,18.64,48,95.8,Catholic Church,33003
33005,New Hampshire,Cheshire County,23.56,86,112.5,Catholic Church,33005
33007,New Hampshire,Coos County,32.32,53,169.5,Catholic Church,33007
33009,New Hampshire,Grafton County,26.92,112,122.9,Catholic Church,33009
33011,New Hampshire,Hillsborough County,27.7,242,57.2,Catholic Church,33011
33013,New Hampshire,Merrimack County,27.52,133,86.5,Catholic Church,33013
33015,New Hampshire,Rockingham County,28.75,170,54.1,Catholic Church,33015
33017,New Hampshire,Strafford County,23.79,86,65.7,Catholic Church,33017
33019,New Hampshire,Sullivan County,23.26,52,120.8,Catholic Church,33019
34001,New Jersey,Atlantic County,53.89,233,84.9,Catholic Church,34001
34003,New Jersey,Bergen County,58.28,656,68.6,Catholic Church,34003
34005,New Jersey,Burlington County,37.96,306,66.3,Catholic Church,34005
34007,New Jersey,Camden County,63.45,348,66.5,Catholic Church,34007
34009,New Jersey,Cape May County,65.34,95,99.7,Catholic Church,34009
34011,New Jersey,Cumberland County,43.76,173,112.2,Catholic Church,34011
34013,New Jersey,Essex County,53.93,655,75.8,Catholic Church,34013
34015,New Jersey,Gloucester County,59.38,209,69.1,Catholic Church,34015
34017,New Jersey,Hudson County,49.39,407,56.1,Catholic Church,34017
34019,New Jersey,Hunterdon County,39.05,106,82.2,Catholic Church,34019
34021,New Jersey,Mercer County,47.81,299,77.2,Catholic Church,34021
34023,New Jersey,Middlesex County,49.78,439,50.9,Catholic Church,34023
34025,New Jersey,Monmouth County,57.36,384,59.7,Catholic Church,34025
34027,New Jersey,Morris County,57.48,324,63.6,Catholic Church,34027
34029,New Jersey,Ocean County,40.9,231,36.3,Catholic Church,34029
34031,New Jersey,Passaic County,59.87,338,64.5,Catholic Church,34031
34033,New Jersey,Salem County,32.9,85,131.1,Catholic Church,34033
34035,New Jersey,Somerset County,50.17,211,61.1,Catholic Church,34035
34037,New Jersey,Sussex County,29.94,86,59.6,Catholic Church,34037
34039,New Jersey,Union County,56.5,393,68.3,Catholic Church,34039
34041,New Jersey,Warren County,33.34,92,83.9,Catholic Church,34041
35001,New Mexico,Bernalillo County,55.01,436,64.5,Catholic Church,35001
35003,New Mexico,Catron County,48.14,15,419.1,Catholic Church,35003
35005,New Mexico,Chaves County,47.72,82,125.8,Catholic Church,35005
35006,New Mexico,Cibola County,53.38,54,198.7,Catholic Church,35006
35007,New Mexico,Colfax County,47.29,40,322.9,Catholic Church,35007
35009,New Mexico,Curry County,54.2,66,136.3,Catholic Church,35009
35011,New Mexico,De Baca County,132.45,8,471.1,Catholic Church,35011
35013,New Mexico,Doña Ana County,37.34,187,85.2,Catholic Church,35013
35015,New Mexico,Eddy County,52.42,88,141.2,Catholic Church,35015
35017,New Mexico,Grant County,56.69,55,195.1,Catholic Church,35017
35019,New Mexico,Guadalupe County,57.7,25,561.5,Catholic Church,35019
35021,New Mexico,Harding County,156.32,7,1065.4,Catholic Church,35021
35023,New Mexico,Hidalgo County,66.16,13,311.2,Church of Jesus Christ of Latter-day Saints,35023
35025,New Mexico,Lea County,45.93,110,147.7,Catholic Church,35025
35027,New Mexico,Lincoln County,46.69,38,187.5,Catholic Church,35027
35028,New Mexico,Los Alamos County,54.86,31,159.6,Catholic Church,35028
35029,New Mexico,Luna County,64.29,42,165.2,Catholic Church,35029
35031,New Mexico,McKinley County,26.47,100,137.2,Catholic Church,35031
35033,New Mexico,Mora County,84.94,29,692.3,Catholic Church,35033
35035,New Mexico,Otero County,32.43,85,125.3,Catholic Church,35035
35037,New Mexico,Quay County,89.93,31,354.4,Catholic Church,35037
35039,New Mexico,Rio Arriba County,79.22,90,223,Catholic Church,35039
35041,New Mexico,Roosevelt County,59.17,40,208.4,Catholic Church,35041
35043,New Mexico,Sandoval County,54.47,121,81.3,Catholic Church,35043
35045,New Mexico,San Juan County,40.22,165,135.6,Catholic Church,35045
35047,New Mexico,San Miguel County,81.92,55,202.2,Catholic Church,35047
35049,New Mexico,Santa Fe County,72.1,143,92.4,Catholic Church,35049
35051,New Mexico,Sierra County,37.34,21,181.4,Catholic Church,35051
35053,New Mexico,Socorro County,39.38,31,186.8,Catholic Church,35053
35055,New Mexico,Taos County,86.53,74,214.6,Catholic Church,35055
35057,New Mexico,Torrance County,61.96,39,259.2,Catholic Church,35057
35059,New Mexico,Union County,70.09,16,392.3,Catholic Church,35059
35061,New Mexico,Valencia County,49.44,68,89.2,Catholic Church,35061
36001,New York,Albany County,46.35,232,73.7,Catholic Church,36001
36003,New York,Allegany County,33.05,96,206.6,Catholic Church,36003
36005,New York,Bronx County,38.73,583,39.6,Catholic Church,36005
36007,New York,Broome County,45.12,208,104.7,Catholic Church,36007
36009,New York,Cattaraugus County,35.14,131,170,Catholic Church,36009
36011,New York,Cayuga County,43.69,90,118,Catholic Church,36011
36013,New York,Chautauqua County,37.46,204,159.8,Catholic Church,36013
36015,New York,Chemung County,42.61,100,118.8,Catholic Church,36015
36017,New York,Chenango County,35.97,77,163.1,Catholic Church,36017
36019,New York,Clinton County,42.91,65,81.4,Catholic Church,36019
36021,New York,Columbia County,25.1,82,133.2,Catholic Church,36021
36023,New York,Cortland County,32.67,50,106.8,Catholic Church,36023
36025,New York,Delaware County,29.7,101,227.9,Catholic Church,36025
36027,New York,Dutchess County,48.42,226,76.4,Catholic Church,36027
36029,New York,Erie County,67.95,730,76.5,Catholic Church,36029
36031,New York,Essex County,37.24,61,163.2,Catholic Church,36031
36033,New York,Franklin County,50.68,65,136.7,Catholic Church,36033
36035,New York,Fulton County,23.31,46,86.3,Catholic Church,36035
36037,New York,Genesee County,42.88,67,114.7,Catholic Church,36037
36039,New York,Greene County,34.97,77,160.6,Catholic Church,36039
36041,New York,Hamilton County,65.24,23,450.4,Catholic Church,36041
36043,New York,Herkimer County,32.94,85,141.3,Catholic Church,36043
36045,New York,Jefferson County,29.57,136,116.5,Catholic Church,36045
36047,New York,Kings County,46.8,1190,43.5,Catholic Church,36047
36049,New York,Lewis County,45.75,55,206.9,Catholic Church,36049
36051,New York,Livingston County,44.05,97,156.9,Catholic Church,36051
36053,New York,Madison County,38.06,85,125,Catholic Church,36053
36055,New York,Monroe County,50.15,569,74.9,Catholic Church,36055
36057,New York,Montgomery County,48.05,76,153.4,Catholic Church,36057
36059,New York,Nassau County,64.43,755,54.1,Catholic Church,36059
36061,New York,New York County,52.34,1165,68.8,Catholic Church,36061
36063,New York,Niagara County,48.43,200,94,Catholic Church,36063
36065,New York,Oneida County,52.95,246,106,Catholic Church,36065
36067,New York,Onondaga County,52.88,368,77.2,Catholic Church,36067
36069,New York,Ontario County,43.37,112,99.6,Catholic Church,36069
36071,New York,Orange County,44.22,290,72.3,Catholic Church,36071
36073,New York,Orleans County,42.9,61,151.2,Catholic Church,36073
36075,New York,Oswego County,36.27,131,111.5,Catholic Church,36075
36077,New York,Otsego County,31.3,108,184.5,Catholic Church,36077
36079,New York,Putnam County,48.38,45,46.1,Catholic Church,36079
36081,New York,Queens County,54.47,1205,50.1,Catholic Church,36081
36083,New York,Rensselaer County,30.35,141,87.5,Catholic Church,36083
36085,New York,Richmond County,60.42,201,40.5,Catholic Church,36085
36087,New York,Rockland County,64.48,226,66.8,Catholic Church,36087
36089,New York,St. Lawrence County,39.37,161,148.4,Catholic Church,36089
36091,New York,Saratoga County,34.84,141,59.9,Catholic Church,36091
36093,New York,Schenectady County,35.28,123,77.8,Catholic Church,36093
36095,New York,Schoharie County,25.03,55,185.1,Catholic Church,36095
36097,New York,Schuyler County,52.52,25,139.7,American Baptist Churches in the USA,36097
36099,New York,Seneca County,36.35,52,153.8,Catholic Church,36099
36101,New York,Steuben County,37.71,150,160.3,Catholic Church,36101
36103,New York,Suffolk County,67.15,726,47.6,Catholic Church,36103
36105,New York,Sullivan County,33.54,115,146.3,Catholic Church,36105
36107,New York,Tioga County,34.45,74,152.7,Catholic Church,36107
36109,New York,Tompkins County,29.82,98,92.7,Catholic Church,36109
36111,New York,Ulster County,35.98,190,104.5,Catholic Church,36111
36113,New York,Warren County,34.9,70,106.5,Catholic Church,36113
36115,New York,Washington County,27.45,83,135.4,Catholic Church,36115
36117,New York,Wayne County,32.21,123,134.7,Catholic Church,36117
36119,New York,Westchester County,60.02,671,66.8,Catholic Church,36119
36121,New York,Wyoming County,30.93,67,165.3,Catholic Church,36121
36123,New York,Yates County,33.72,42,169.5,Catholic Church,36123
37001,North Carolina,Alamance County,44.24,246,143.5,Non-denominational Christian Churches,37001
37003,North Carolina,Alexander County,63.2,80,219.5,Southern Baptist Convention,37003
37005,North Carolina,Alleghany County,54.81,30,275.5,Southern Baptist Convention,37005
37007,North Carolina,Anson County,77.13,106,480.6,Southern Baptist Convention,37007
37009,North Carolina,Ashe County,45.46,85,319.8,Southern Baptist Convention,37009
37011,North Carolina,Avery County,45.63,68,381.9,Southern Baptist Convention,37011
37013,North Carolina,Beaufort County,54.04,156,349.4,Christian Churches and Churches of Christ,37013
37015,North Carolina,Bertie County,48.5,59,329,Southern Baptist Convention,37015
37017,North Carolina,Bladen County,69.49,121,408.7,Southern Baptist Convention,37017
37019,North Carolina,Brunswick County,40.79,159,116.3,Catholic Church,37019
37021,North Carolina,Buncombe County,52.48,380,141,Southern Baptist Convention,37021
37023,North Carolina,Burke County,63.11,203,231.8,Southern Baptist Convention,37023
37025,North Carolina,Cabarrus County,53.95,276,122.2,Non-denominational Christian Churches,37025
37027,North Carolina,Caldwell County,57.34,164,203.3,Southern Baptist Convention,37027
37029,North Carolina,Camden County,39.07,23,222.1,Southern Baptist Convention,37029
37031,North Carolina,Carteret County,36.08,113,166.9,United Methodist Church,37031
37033,North Carolina,Caswell County,42.82,61,268.3,Southern Baptist Convention,37033
37035,North Carolina,Catawba County,58.8,279,173.7,Southern Baptist Convention,37035
37037,North Carolina,Chatham County,41.21,145,190.1,Southern Baptist Convention,37037
37039,North Carolina,Cherokee County,44.35,76,264.1,Southern Baptist Convention,37039
37041,North Carolina,Chowan County,106.61,38,277.2,Non-denominational Christian Churches,37041
37043,North Carolina,Clay County,74.61,40,360.7,Southern Baptist Convention,37043
37045,North Carolina,Cleveland County,60.49,221,222.1,Southern Baptist Convention,37045
37047,North Carolina,Columbus County,56.42,174,343.7,Southern Baptist Convention,37047
37049,North Carolina,Craven County,52.23,186,184.7,Catholic Church,37049
37051,North Carolina,Cumberland County,61.82,455,135.9,Non-denominational Christian Churches,37051
37053,North Carolina,Currituck County,23.29,35,124.6,Southern Baptist Convention,37053
37055,North Carolina,Dare County,50.55,57,154.4,United Methodist Church,37055
37057,North Carolina,Davidson County,39.95,247,146.2,Southern Baptist Convention,37057
37059,North Carolina,Davie County,48.62,86,201.3,United Methodist Church,37059
37061,North Carolina,Duplin County,41.21,149,305.9,Southern Baptist Convention,37061
37063,North Carolina,Durham County,44.91,361,111.1,Southern Baptist Convention,37063
37065,North Carolina,Edgecombe County,39.5,103,210.6,Non-denominational Christian Churches,37065
37067,North Carolina,Forsyth County,70.9,476,124.4,Non-denominational Christian Churches,37067
37069,North Carolina,Franklin County,32.63,99,144.4,Southern Baptist Convention,37069
37071,North Carolina,Gaston County,56.97,395,173.3,Southern Baptist Convention,37071
37073,North Carolina,Gates County,48.34,31,295.9,Southern Baptist Convention,37073
37075,North Carolina,Graham County,37.77,21,261.5,Southern Baptist Convention,37075
37077,North Carolina,Granville County,50.94,89,145.9,Non-denominational Christian Churches,37077
37079,North Carolina,Greene County,26.46,52,254.3,Non-denominational Christian Churches,37079
37081,North Carolina,Guilford County,51.88,676,124.9,Non-denominational Christian Churches,37081
37083,North Carolina,Halifax County,44.69,118,242.7,Southern Baptist Convention,37083
37085,North Carolina,Harnett County,35.81,199,149,Southern Baptist Convention,37085
37087,North Carolina,Haywood County,61.33,143,230.3,Southern Baptist Convention,37087
37089,North Carolina,Henderson County,49.36,159,136.7,Southern Baptist Convention,37089
37091,North Carolina,Hertford County,57.49,55,255.2,Southern Baptist Convention,37091
37093,North Carolina,Hoke County,29.22,64,122.9,Non-denominational Christian Churches,37093
37095,North Carolina,Hyde County,26.67,29,631.9,United Methodist Church,37095
37097,North Carolina,Iredell County,53.67,274,146.8,Southern Baptist Convention,37097
37099,North Carolina,Jackson County,41.27,96,222.7,Southern Baptist Convention,37099
37101,North Carolina,Johnston County,38.96,278,128.7,Catholic Church,37101
37103,North Carolina,Jones County,36.39,34,370.7,Non-denominational Christian Churches,37103
37105,North Carolina,Lee County,48.61,120,189.6,Southern Baptist Convention,37105
37107,North Carolina,Lenoir County,54.22,147,266.7,Non-denominational Christian Churches,37107
37109,North Carolina,Lincoln County,51.21,158,182,Southern Baptist Convention,37109
37111,North Carolina,McDowell County,45.3,114,255.7,Southern Baptist Convention,37111
37113,North Carolina,Macon County,55.66,102,275.6,Southern Baptist Convention,37113
37115,North Carolina,Madison County,49.96,84,396.4,Southern Baptist Convention,37115
37117,North Carolina,Martin County,37.42,70,317.7,Southern Baptist Convention,37117
37119,North Carolina,Mecklenburg County,61.58,961,86.2,Catholic Church,37119
37121,North Carolina,Mitchell County,75.45,58,389.2,Southern Baptist Convention,37121
37123,North Carolina,Montgomery County,57.12,88,341.7,Southern Baptist Convention,37123
37125,North Carolina,Moore County,50.15,173,173.5,Catholic Church,37125
37127,North Carolina,Nash County,53.19,199,209.5,Southern Baptist Convention,37127
37129,North Carolina,New Hanover County,50.96,239,105.9,Catholic Church,37129
37131,North Carolina,Northampton County,58.47,51,291.9,"National Missionary Baptist Convention, Inc.",37131
37133,North Carolina,Onslow County,35.14,182,89,Non-denominational Christian Churches,37133
37135,North Carolina,Orange County,49.89,175,117.7,Catholic Church,37135
37137,North Carolina,Pamlico County,43.03,54,439.9,United Methodist Church,37137
37139,North Carolina,Pasquotank County,47.93,79,194.7,Non-denominational Christian Churches,37139
37141,North Carolina,Pender County,39.94,99,164.4,Southern Baptist Convention,37141
37143,North Carolina,Perquimans County,43.47,38,292.2,Southern Baptist Convention,37143
37145,North Carolina,Person County,46.99,74,189.3,Southern Baptist Convention,37145
37147,North Carolina,Pitt County,38.1,235,138,Non-denominational Christian Churches,37147
37149,North Carolina,Polk County,50.33,57,294.9,Southern Baptist Convention,37149
37151,North Carolina,Randolph County,47.3,265,183.8,Non-denominational Christian Churches,37151
37153,North Carolina,Richmond County,68.65,146,340,Non-denominational Christian Churches,37153
37155,North Carolina,Robeson County,48.26,302,259.2,Southern Baptist Convention,37155
37157,North Carolina,Rockingham County,48.56,212,232.7,Southern Baptist Convention,37157
37159,North Carolina,Rowan County,47.51,278,189.3,Southern Baptist Convention,37159
37161,North Carolina,Rutherford County,69.79,195,302.6,Southern Baptist Convention,37161
37163,North Carolina,Sampson County,69.43,207,350.6,Southern Baptist Convention,37163
37165,North Carolina,Scotland County,36.83,82,239.9,Southern Baptist Convention,37165
37167,North Carolina,Stanly County,59.35,150,240,Southern Baptist Convention,37167
37169,North Carolina,Stokes County,58.26,83,186.4,Non-denominational Christian Churches,37169
37171,North Carolina,Surry County,59.74,170,238.2,Southern Baptist Convention,37171
37173,North Carolina,Swain County,46.33,38,269.2,Southern Baptist Convention,37173
37175,North Carolina,Transylvania County,53.78,66,200.1,Southern Baptist Convention,37175
37177,North Carolina,Tyrrell County,45.95,24,739.6,Convention of Original Free Will Baptist Churches,37177
37179,North Carolina,Union County,52.58,253,106.2,Catholic Church,37179
37181,North Carolina,Vance County,53.54,105,246.6,Southern Baptist Convention,37181
37183,North Carolina,Wake County,51.78,857,75.9,Catholic Church,37183
37185,North Carolina,Warren County,43.7,55,295,Southern Baptist Convention,37185
37187,North Carolina,Washington County,58.56,53,481.7,Christian Churches and Churches of Christ,37187
37189,North Carolina,Watauga County,42.89,94,173.8,Southern Baptist Convention,37189
37191,North Carolina,Wayne County,48.5,270,230.1,Non-denominational Christian Churches,37191
37193,North Carolina,Wilkes County,61.21,149,225.9,Southern Baptist Convention,37193
37195,North Carolina,Wilson County,46.99,153,194.2,Non-denominational Christian Churches,37195
37197,North Carolina,Yadkin County,64.53,94,252.6,Southern Baptist Convention,37197
37199,North Carolina,Yancey County,39.63,49,265.3,Southern Baptist Convention,37199
38001,North Dakota,Adams County,69.14,13,590.9,Evangelical Lutheran Church in America,38001
38003,North Dakota,Barnes County,66.88,36,331.7,Evangelical Lutheran Church in America,38003
38005,North Dakota,Benson County,65.51,25,419.2,Catholic Church,38005
38007,North Dakota,Billings County,9.74,3,317.5,Evangelical Lutheran Church in America,38007
38009,North Dakota,Bottineau County,52.05,25,391.9,Evangelical Lutheran Church in America,38009
38011,North Dakota,Bowman County,89.48,12,400.9,Evangelical Lutheran Church in America,38011
38013,North Dakota,Burke County,92.82,16,726.9,Evangelical Lutheran Church in America,38013
38015,North Dakota,Burleigh County,60.56,83,84.3,Catholic Church,38015
38017,North Dakota,Cass County,51.23,146,79.1,Evangelical Lutheran Church in America,38017
38019,North Dakota,Cavalier County,93.06,21,567,Catholic Church,38019
38021,North Dakota,Dickey County,87.88,29,580.1,Evangelical Lutheran Church in America,38021
38023,North Dakota,Divide County,63.33,9,410,Evangelical Lutheran Church in America,38023
38025,North Dakota,Dunn County,78.95,17,415.1,Catholic Church,38025
38027,North Dakota,Eddy County,76.69,10,426.1,Evangelical Lutheran Church in America,38027
38029,North Dakota,Emmons County,100.7,16,484.7,Catholic Church,38029
38031,North Dakota,Foster County,49.9,14,412.1,Catholic Church,38031
38033,North Dakota,Golden Valley County,54.49,8,460.8,Catholic Church,38033
38035,North Dakota,Grand Forks County,48,78,106.6,Evangelical Lutheran Church in America,38035
38037,North Dakota,Grant County,69.36,17,738.8,Catholic Church,38037
38039,North Dakota,Griggs County,57.33,16,693.8,Evangelical Lutheran Church in America,38039
38041,North Dakota,Hettinger County,57.85,12,482.1,Catholic Church,38041
38043,North Dakota,Kidder County,67.84,14,584.8,Evangelical Lutheran Church in America,38043
38045,North Dakota,LaMoure County,66.55,30,733,Evangelical Lutheran Church in America,38045
38047,North Dakota,Logan County,92.91,9,479.7,Catholic Church,38047
38049,North Dakota,McHenry County,65.31,23,430.3,Evangelical Lutheran Church in America,38049
38051,North Dakota,McIntosh County,70.4,16,632.4,Evangelical Lutheran Church in America,38051
38053,North Dakota,McKenzie County,25.78,29,197.2,Evangelical Lutheran Church in America,38053
38055,North Dakota,McLean County,57.53,40,409.4,Evangelical Lutheran Church in America,38055
38057,North Dakota,Mercer County,61.25,29,347.3,Evangelical Lutheran Church in America,38057
38059,North Dakota,Morton County,54.04,51,153.2,Catholic Church,38059
38061,North Dakota,Mountrail County,51.53,28,285.5,Evangelical Lutheran Church in America,38061
38063,North Dakota,Nelson County,94.79,20,663.3,Evangelical Lutheran Church in America,38063
38065,North Dakota,Oliver County,56.63,3,159.8,Catholic Church,38065
38067,North Dakota,Pembina County,63.08,33,482.2,Evangelical Lutheran Church in America,38067
38069,North Dakota,Pierce County,77.27,13,325.8,Evangelical Lutheran Church in America,38069
38071,North Dakota,Ramsey County,45.52,23,198.2,Catholic Church,38071
38073,North Dakota,Ransom County,65.86,22,385.8,Evangelical Lutheran Church in America,38073
38075,North Dakota,Renville County,84.84,14,613.5,Evangelical Lutheran Church in America,38075
38077,North Dakota,Richland County,72.11,43,260.1,Catholic Church,38077
38079,North Dakota,Rolette County,77.61,20,164.1,Catholic Church,38079
38081,North Dakota,Sargent County,75.89,13,336.6,Evangelical Lutheran Church in America,38081
38083,North Dakota,Sheridan County,52.96,13,1027.7,Evangelical Lutheran Church in America,38083
38085,North Dakota,Sioux County,38.81,13,333.5,Catholic Church,38085
38087,North Dakota,Slope County,27.05,3,424.9,Evangelical Lutheran Church in America,38087
38089,North Dakota,Stark County,63.56,47,139.7,Catholic Church,38089
38091,North Dakota,Steele County,74.14,11,611.8,Evangelical Lutheran Church in America,38091
38093,North Dakota,Stutsman County,50.74,45,208.4,Evangelical Lutheran Church in America,38093
38095,North Dakota,Towner County,56.48,10,462.5,Catholic Church,38095
38097,North Dakota,Traill County,58.73,27,337.6,Evangelical Lutheran Church in America,38097
38099,North Dakota,Walsh County,82.04,37,350.3,Catholic Church,38099
38101,North Dakota,Ward County,41.59,85,121.6,Catholic Church,38101
38103,North Dakota,Wells County,78.08,27,678.1,Evangelical Lutheran Church in America,38103
38105,North Dakota,Williams County,38.1,55,134.3,Evangelical Lutheran Church in America,38105
39001,Ohio,Adams County,20.49,61,222,Non-denominational Christian Churches,39001
39003,Ohio,Allen County,57.43,160,156.5,Catholic Church,39003
39005,Ohio,Ashland County,44.51,135,257.4,Non-denominational Christian Churches,39005
39007,Ohio,Ashtabula County,36.93,163,167.1,Catholic Church,39007
39009,Ohio,Athens County,19.21,97,155.4,Non-denominational Christian Churches,39009
39011,Ohio,Auglaize County,52.2,61,131.4,Catholic Church,39011
39013,Ohio,Belmont County,35.09,131,197,Catholic Church,39013
39015,Ohio,Brown County,29.12,60,137.4,Non-denominational Christian Churches,39015
39017,Ohio,Butler County,42.51,331,84.8,Non-denominational Christian Churches,39017
39019,Ohio,Carroll County,41.42,58,217.1,Non-denominational Christian Churches,39019
39021,Ohio,Champaign County,29.22,74,191.1,Non-denominational Christian Churches,39021
39023,Ohio,Clark County,33.89,172,126.5,Non-denominational Christian Churches,39023
39025,Ohio,Clermont County,40.82,179,85.8,Non-denominational Christian Churches,39025
39027,Ohio,Clinton County,29.18,67,159.5,Catholic Church,39027
39029,Ohio,Columbiana County,33.17,175,171.8,Catholic Church,39029
39031,Ohio,Coshocton County,42.47,99,270.4,Non-denominational Christian Churches,39031
39033,Ohio,Crawford County,58.24,86,204.6,Non-denominational Christian Churches,39033
39035,Ohio,Cuyahoga County,60.85,1012,80,Catholic Church,39035
39037,Ohio,Darke County,45.82,89,171.5,Catholic Church,39037
39039,Ohio,Defiance County,82.19,79,206.3,Non-denominational Christian Churches,39039
39041,Ohio,Delaware County,43.25,140,65.4,Catholic Church,39041
39043,Ohio,Erie County,56.14,100,132.2,Catholic Church,39043
39045,Ohio,Fairfield County,42.19,173,108.9,Catholic Church,39045
39047,Ohio,Fayette County,47.35,52,179.6,Non-denominational Christian Churches,39047
39049,Ohio,Franklin County,47.92,993,75,Non-denominational Christian Churches,39049
39051,Ohio,Fulton County,53.47,74,173.2,Catholic Church,39051
39053,Ohio,Gallia County,30.4,65,222.5,Non-denominational Christian Churches,39053
39055,Ohio,Geauga County,73.09,163,170.9,Catholic Church,39055
39057,Ohio,Greene County,40.11,187,111.3,Non-denominational Christian Churches,39057
39059,Ohio,Guernsey County,35.77,96,249.8,United Methodist Church,39059
39061,Ohio,Hamilton County,64.33,715,86.1,Non-denominational Christian Churches,39061
39063,Ohio,Hancock County,41.18,100,133.5,Catholic Church,39063
39065,Ohio,Hardin County,30.81,71,231.3,United Methodist Church,39065
39067,Ohio,Harrison County,27.07,49,338.3,United Methodist Church,39067
39069,Ohio,Henry County,64.68,58,209.7,Lutheran Church--Missouri Synod,39069
39071,Ohio,Highland County,32.16,96,221.6,Non-denominational Christian Churches,39071
39073,Ohio,Hocking County,23.23,57,203.2,Catholic Church,39073
39075,Ohio,Holmes County,76.66,262,592.5,"Amish Groups, undifferentiated",39075
39077,Ohio,Huron County,37.97,86,146.8,Catholic Church,39077
39079,Ohio,Jackson County,27.41,79,241.9,Non-denominational Christian Churches,39079
39081,Ohio,Jefferson County,40.94,136,208.4,Catholic Church,39081
39083,Ohio,Knox County,39.95,128,204.1,Non-denominational Christian Churches,39083
39085,Ohio,Lake County,47.57,161,69.2,Catholic Church,39085
39087,Ohio,Lawrence County,28.78,91,156.3,Non-denominational Christian Churches,39087
39089,Ohio,Licking County,32.21,204,114.3,Catholic Church,39089
39091,Ohio,Logan County,38.7,86,186.3,Non-denominational Christian Churches,39091
39093,Ohio,Lorain County,45.29,292,93.3,Catholic Church,39093
39095,Ohio,Lucas County,41.21,385,89.3,Catholic Church,39095
39097,Ohio,Madison County,26.58,64,146,Catholic Church,39097
39099,Ohio,Mahoning County,51.63,281,122.9,Catholic Church,39099
39101,Ohio,Marion County,27.61,92,140.8,Non-denominational Christian Churches,39101
39103,Ohio,Medina County,37.18,145,79.5,Catholic Church,39103
39105,Ohio,Meigs County,26.72,76,342.2,Non-denominational Christian Churches,39105
39107,Ohio,Mercer County,77.57,76,178.7,Catholic Church,39107
39109,Ohio,Miami County,36.15,145,133.3,Catholic Church,39109
39111,Ohio,Monroe County,46.93,67,500.6,Churches of Christ,39111
39113,Ohio,Montgomery County,60.59,630,117.3,Non-denominational Christian Churches,39113
39115,Ohio,Morgan County,25.53,42,304.3,Christian Churches and Churches of Christ,39115
39117,Ohio,Morrow County,34.73,74,211.7,Non-denominational Christian Churches,39117
39119,Ohio,Muskingum County,36.09,139,160.9,Non-denominational Christian Churches,39119
39121,Ohio,Noble County,25.94,34,240.9,Catholic Church,39121
39123,Ohio,Ottawa County,52.84,54,133.8,Catholic Church,39123
39125,Ohio,Paulding County,41.12,42,223.3,Catholic Church,39125
39127,Ohio,Perry County,27.34,70,197.7,Catholic Church,39127
39129,Ohio,Pickaway County,20.75,70,119.6,United Methodist Church,39129
39131,Ohio,Pike County,20.04,49,180.9,Southern Baptist Convention,39131
39133,Ohio,Portage County,28.29,142,87.8,Catholic Church,39133
39135,Ohio,Preble County,22.38,73,178.1,Southern Baptist Convention,39135
39137,Ohio,Putnam County,71.96,48,139.3,Catholic Church,39137
39139,Ohio,Richland County,43.95,204,163.3,Non-denominational Christian Churches,39139
39141,Ohio,Ross County,49.34,112,145.3,Non-denominational Christian Churches,39141
39143,Ohio,Sandusky County,41.99,80,135.8,Catholic Church,39143
39145,Ohio,Scioto County,32.59,147,198.6,Non-denominational Christian Churches,39145
39147,Ohio,Seneca County,44.81,79,143.5,Catholic Church,39147
39149,Ohio,Shelby County,63.85,57,118.2,Catholic Church,39149
39151,Ohio,Stark County,46.99,433,115.5,Non-denominational Christian Churches,39151
39153,Ohio,Summit County,48.12,499,92.3,Catholic Church,39153
39155,Ohio,Trumbull County,47.44,299,148,Catholic Church,39155
39157,Ohio,Tuscarawas County,49.79,200,214.4,Non-denominational Christian Churches,39157
39159,Ohio,Union County,30.8,68,108.3,Catholic Church,39159
39161,Ohio,Van Wert County,35.54,51,176.3,Catholic Church,39161
39163,Ohio,Vinton County,13.06,30,234.4,American Baptist Churches in the USA,39163
39165,Ohio,Warren County,53.86,194,80.1,Non-denominational Christian Churches,39165
39167,Ohio,Washington County,36.59,130,217.5,Non-denominational Christian Churches,39167
39169,Ohio,Wayne County,46.25,272,232.7,Non-denominational Christian Churches,39169
39171,Ohio,Williams County,56.79,74,199.5,Non-denominational Christian Churches,39171
39173,Ohio,Wood County,53.15,134,101.3,Catholic Church,39173
39175,Ohio,Wyandot County,46.94,41,187.2,Catholic Church,39175
40001,Oklahoma,Adair County,57.38,57,292.4,Southern Baptist Convention,40001
40003,Oklahoma,Alfalfa County,63.08,25,438.7,United Methodist Church,40003
40005,Oklahoma,Atoka County,72.81,49,346.5,Southern Baptist Convention,40005
40007,Oklahoma,Beaver County,65.38,26,515,Southern Baptist Convention,40007
40009,Oklahoma,Beckham County,68.19,52,232,Southern Baptist Convention,40009
40011,Oklahoma,Blaine County,77.39,48,549.5,Southern Baptist Convention,40011
40013,Oklahoma,Bryan County,72.27,89,193.2,Southern Baptist Convention,40013
40015,Oklahoma,Caddo County,71.97,97,360,Southern Baptist Convention,40015
40017,Oklahoma,Canadian County,39.39,144,93.3,Southern Baptist Convention,40017
40019,Oklahoma,Carter County,79.88,124,258.3,Southern Baptist Convention,40019
40021,Oklahoma,Cherokee County,38.24,75,159.3,Southern Baptist Convention,40021
40023,Oklahoma,Choctaw County,51.49,50,352,Southern Baptist Convention,40023
40025,Oklahoma,Cimarron County,91.2,18,784,Southern Baptist Convention,40025
40027,Oklahoma,Cleveland County,50.74,261,88.3,Southern Baptist Convention,40027
40029,Oklahoma,Coal County,67.74,24,455.8,Southern Baptist Convention,40029
40031,Oklahoma,Comanche County,60.08,207,170.9,Southern Baptist Convention,40031
40033,Oklahoma,Cotton County,83.1,24,434.2,Southern Baptist Convention,40033
40035,Oklahoma,Craig County,59.74,47,333.2,Southern Baptist Convention,40035
40037,Oklahoma,Creek County,45.68,143,199.3,Southern Baptist Convention,40037
40039,Oklahoma,Custer County,74.76,79,277.1,Southern Baptist Convention,40039
40041,Oklahoma,Delaware County,42.16,93,230.2,Southern Baptist Convention,40041
40043,Oklahoma,Dewey County,94.42,28,624.4,Southern Baptist Convention,40043
40045,Oklahoma,Ellis County,77.33,22,586.8,Southern Baptist Convention,40045
40047,Oklahoma,Garfield County,63.94,109,173.4,Southern Baptist Convention,40047
40049,Oklahoma,Garvin County,72.44,92,358.6,Southern Baptist Convention,40049
40051,Oklahoma,Grady County,46.5,101,184.3,Southern Baptist Convention,40051
40053,Oklahoma,Grant County,90.24,28,671.6,Southern Baptist Convention,40053
40055,Oklahoma,Greer County,87,26,473.5,Southern Baptist Convention,40055
40057,Oklahoma,Harmon County,164.43,14,562.7,Southern Baptist Convention,40057
40059,Oklahoma,Harper County,98.96,14,427.9,Southern Baptist Convention,40059
40061,Oklahoma,Haskell County,64.31,42,363.3,Southern Baptist Convention,40061
40063,Oklahoma,Hughes County,45.57,56,418.9,Southern Baptist Convention,40063
40065,Oklahoma,Jackson County,66.03,61,246.1,Southern Baptist Convention,40065
40067,Oklahoma,Jefferson County,98.15,26,487.2,Southern Baptist Convention,40067
40069,Oklahoma,Johnston County,46.01,35,340.7,Southern Baptist Convention,40069
40071,Oklahoma,Kay County,70.79,99,226.5,Southern Baptist Convention,40071
40073,Oklahoma,Kingfisher County,55.52,31,204.2,Catholic Church,40073
40075,Oklahoma,Kiowa County,79.22,34,399.6,Southern Baptist Convention,40075
40077,Oklahoma,Latimer County,80.52,42,444.7,Southern Baptist Convention,40077
40079,Oklahoma,Le Flore County,62.07,158,328.3,Southern Baptist Convention,40079
40081,Oklahoma,Lincoln County,49.45,83,248.1,Southern Baptist Convention,40081
40083,Oklahoma,Logan County,32.84,73,147.3,Non-denominational Christian Churches,40083
40085,Oklahoma,Love County,72.12,22,216.8,Southern Baptist Convention,40085
40087,Oklahoma,McClain County,43.52,76,182.4,Southern Baptist Convention,40087
40089,Oklahoma,McCurtain County,55.88,137,444.6,Southern Baptist Convention,40089
40091,Oklahoma,McIntosh County,56.2,59,311.5,Southern Baptist Convention,40091
40093,Oklahoma,Major County,65.68,30,385.5,Southern Baptist Convention,40093
40095,Oklahoma,Marshall County,58.33,38,248.2,Southern Baptist Convention,40095
40097,Oklahoma,Mayes County,59.38,113,289.4,Southern Baptist Convention,40097
40099,Oklahoma,Murray County,51.74,35,251.7,Southern Baptist Convention,40099
40101,Oklahoma,Muskogee County,75.5,168,253.2,Southern Baptist Convention,40101
40103,Oklahoma,Noble County,65.27,29,265.5,Southern Baptist Convention,40103
40105,Oklahoma,Nowata County,52.08,30,321.9,Non-denominational Christian Churches,40105
40107,Oklahoma,Okfuskee County,41.53,33,291.8,Southern Baptist Convention,40107
40109,Oklahoma,Oklahoma County,74.19,967,121.4,Non-denominational Christian Churches,40109
40111,Oklahoma,Okmulgee County,68.08,104,283.3,Southern Baptist Convention,40111
40113,Oklahoma,Osage County,44.64,103,224.8,Southern Baptist Convention,40113
40115,Oklahoma,Ottawa County,70.86,85,280.7,Southern Baptist Convention,40115
40117,Oklahoma,Pawnee County,62.73,47,302.2,Southern Baptist Convention,40117
40119,Oklahoma,Payne County,43.53,120,147,Southern Baptist Convention,40119
40121,Oklahoma,Pittsburg County,74.27,135,308.4,Southern Baptist Convention,40121
40123,Oklahoma,Pontotoc County,68.3,102,268,Southern Baptist Convention,40123
40125,Oklahoma,Pottawatomie County,60.58,142,196,Southern Baptist Convention,40125
40127,Oklahoma,Pushmataha County,61.27,56,517.9,Southern Baptist Convention,40127
40129,Oklahoma,Roger Mills County,85.21,21,610.1,Southern Baptist Convention,40129
40131,Oklahoma,Rogers County,43.98,117,122.8,Southern Baptist Convention,40131
40133,Oklahoma,Seminole County,57.96,84,356.6,Southern Baptist Convention,40133
40135,Oklahoma,Sequoyah County,44.53,88,224,Southern Baptist Convention,40135
40137,Oklahoma,Stephens County,62.96,100,233.4,Southern Baptist Convention,40137
40139,Oklahoma,Texas County,64.52,60,280.6,Catholic Church,40139
40141,Oklahoma,Tillman County,87.13,27,387.5,Southern Baptist Convention,40141
40143,Oklahoma,Tulsa County,64.02,844,126.1,Non-denominational Christian Churches,40143
40145,Oklahoma,Wagoner County,24.53,80,98.8,Southern Baptist Convention,40145
40147,Oklahoma,Washington County,83.41,100,190.6,Southern Baptist Convention,40147
40149,Oklahoma,Washita County,56.17,32,292.9,Southern Baptist Convention,40149
40151,Oklahoma,Woods County,72.37,34,394.2,United Methodist Church,40151
40153,Oklahoma,Woodward County,69.95,41,200.3,Southern Baptist Convention,40153
41001,Oregon,Baker County,32.73,33,198,Church of Jesus Christ of Latter-day Saints,41001
41003,Oregon,Benton County,27.98,88,92.5,Catholic Church,41003
41005,Oregon,Clackamas County,37.7,327,77.6,Catholic Church,41005
41007,Oregon,Clatsop County,30.73,48,116.9,Non-denominational Christian Churches,41007
41009,Oregon,Columbia County,23.89,60,114.1,Catholic Church,41009
41011,Oregon,Coos County,26.82,95,146.3,Catholic Church,41011
41013,Oregon,Crook County,23.02,26,105.1,Catholic Church,41013
41015,Oregon,Curry County,23.62,38,162.1,Church of Jesus Christ of Latter-day Saints,41015
41017,Oregon,Deschutes County,29.34,154,77.7,Non-denominational Christian Churches,41017
41019,Oregon,Douglas County,30.61,168,151.1,Non-denominational Christian Churches,41019
41021,Oregon,Gilliam County,16.84,6,300.8,United Methodist Church,41021
41023,Oregon,Grant County,24.06,22,304.2,Non-denominational Christian Churches,41023
41025,Oregon,Harney County,26.11,15,200.1,Catholic Church,41025
41027,Oregon,Hood River County,39.48,36,150.1,Catholic Church,41027
41029,Oregon,Jackson County,28.17,222,99.4,Catholic Church,41029
41031,Oregon,Jefferson County,29.04,31,126.5,Catholic Church,41031
41033,Oregon,Josephine County,30.95,81,92,Non-denominational Christian Churches,41033
41035,Oregon,Klamath County,30.21,93,134,Non-denominational Christian Churches,41035
41037,Oregon,Lake County,21.47,23,281.9,Catholic Church,41037
41039,Oregon,Lane County,23.83,363,94.8,Catholic Church,41039
41041,Oregon,Lincoln County,22.03,74,146.8,Catholic Church,41041
41043,Oregon,Linn County,35.39,155,120.5,Catholic Church,41043
41045,Oregon,Malheur County,46.98,58,183.7,Church of Jesus Christ of Latter-day Saints,41045
41047,Oregon,Marion County,45.89,307,88.7,Catholic Church,41047
41049,Oregon,Morrow County,34.47,25,205.2,Catholic Church,41049
41051,Oregon,Multnomah County,35.11,647,79.3,Catholic Church,41051
41053,Oregon,Polk County,25.23,94,107.5,Catholic Church,41053
41055,Oregon,Sherman County,18.4,5,267.4,United Methodist Church,41055
41057,Oregon,Tillamook County,29.85,41,149.7,Catholic Church,41057
41059,Oregon,Umatilla County,40.25,115,143.6,Catholic Church,41059
41061,Oregon,Union County,34.34,48,183.2,Church of Jesus Christ of Latter-day Saints,41061
41063,Oregon,Wallowa County,24.37,21,284.1,Catholic Church,41063
41065,Oregon,Wasco County,25.19,37,138.7,Catholic Church,41065
41067,Oregon,Washington County,34.38,378,63,Catholic Church,41067
41069,Oregon,Wheeler County,35.84,7,482.4,Church of Jesus Christ of Latter-day Saints,41069
41071,Oregon,Yamhill County,29.4,120,111.4,Catholic Church,41071
42001,Pennsylvania,Adams County,39.38,141,135.8,Catholic Church,42001
42003,Pennsylvania,Allegheny County,60.8,1131,90.4,Catholic Church,42003
42005,Pennsylvania,Armstrong County,51.04,145,221.2,Catholic Church,42005
42007,Pennsylvania,Beaver County,50.02,235,139.7,Catholic Church,42007
42009,Pennsylvania,Bedford County,39.87,150,315.3,Non-denominational Christian Churches,42009
42011,Pennsylvania,Berks County,45.64,422,98.4,Catholic Church,42011
42013,Pennsylvania,Blair County,42.23,225,183.2,Catholic Church,42013
42015,Pennsylvania,Bradford County,30.21,122,203.4,Catholic Church,42015
42017,Pennsylvania,Bucks County,50.94,390,60.3,Catholic Church,42017
42019,Pennsylvania,Butler County,53.97,202,104.3,Catholic Church,42019
42021,Pennsylvania,Cambria County,63.82,230,172.3,Catholic Church,42021
42023,Pennsylvania,Cameron County,40.58,13,285.9,Catholic Church,42023
42025,Pennsylvania,Carbon County,35.87,85,131.3,Catholic Church,42025
42027,Pennsylvania,Centre County,33.92,212,134,Catholic Church,42027
42029,Pennsylvania,Chester County,52,436,81.6,Catholic Church,42029
42031,Pennsylvania,Clarion County,47.37,109,292.7,Catholic Church,42031
42033,Pennsylvania,Clearfield County,40.21,194,240.8,Catholic Church,42033
42035,Pennsylvania,Clinton County,33.68,84,224.3,Catholic Church,42035
42037,Pennsylvania,Columbia County,38.42,116,179.2,United Methodist Church,42037
42039,Pennsylvania,Crawford County,40.26,203,241.8,Catholic Church,42039
42041,Pennsylvania,Cumberland County,41.69,287,110.6,Catholic Church,42041
42043,Pennsylvania,Dauphin County,44.61,370,129.2,Catholic Church,42043
42045,Pennsylvania,Delaware County,49.97,405,70.2,Catholic Church,42045
42047,Pennsylvania,Elk County,55.4,44,142,Catholic Church,42047
42049,Pennsylvania,Erie County,38.67,298,110,Catholic Church,42049
42051,Pennsylvania,Fayette County,35.42,231,179.3,Catholic Church,42051
42053,Pennsylvania,Forest County,22.6,18,258.1,"Amish Groups, undifferentiated",42053
42055,Pennsylvania,Franklin County,32.8,254,162.9,Non-denominational Christian Churches,42055
42057,Pennsylvania,Fulton County,29.16,44,302.3,Non-denominational Christian Churches,42057
42059,Pennsylvania,Greene County,36.23,84,233.6,Catholic Church,42059
42061,Pennsylvania,Huntingdon County,37.52,135,306.2,Non-denominational Christian Churches,42061
42063,Pennsylvania,Indiana County,48.44,210,252.3,Catholic Church,42063
42065,Pennsylvania,Jefferson County,47.74,150,337.1,Catholic Church,42065
42067,Pennsylvania,Juniata County,39.04,77,327.5,United Methodist Church,42067
42069,Pennsylvania,Lackawanna County,63.15,212,98.2,Catholic Church,42069
42071,Pennsylvania,Lancaster County,47.17,836,151.2,Non-denominational Christian Churches,42071
42073,Pennsylvania,Lawrence County,57.5,137,159.2,Catholic Church,42073
42075,Pennsylvania,Lebanon County,36.09,207,144.5,Catholic Church,42075
42077,Pennsylvania,Lehigh County,40.21,310,82.8,Catholic Church,42077
42079,Pennsylvania,Luzerne County,51,348,106.9,Catholic Church,42079
42081,Pennsylvania,Lycoming County,43.19,185,162,Catholic Church,42081
42083,Pennsylvania,McKean County,36.73,84,207.8,Catholic Church,42083
42085,Pennsylvania,Mercer County,39.76,215,194.3,Catholic Church,42085
42087,Pennsylvania,Mifflin County,47.7,135,292.6,Non-denominational Christian Churches,42087
42089,Pennsylvania,Monroe County,36.65,132,78.4,Catholic Church,42089
42091,Pennsylvania,Montgomery County,54.25,627,73.2,Catholic Church,42091
42093,Pennsylvania,Montour County,37.24,34,187.5,Catholic Church,42093
42095,Pennsylvania,Northampton County,44.3,247,78.9,Catholic Church,42095
42097,Pennsylvania,Northumberland County,46.31,179,195.3,Catholic Church,42097
42099,Pennsylvania,Perry County,31.22,101,220.3,United Methodist Church,42099
42101,Pennsylvania,Philadelphia County,43.15,1309,81.6,Catholic Church,42101
42103,Pennsylvania,Pike County,23.95,36,61.5,Catholic Church,42103
42105,Pennsylvania,Potter County,36.91,40,244,Non-denominational Christian Churches,42105
42107,Pennsylvania,Schuylkill County,51.82,241,168.5,Catholic Church,42107
42109,Pennsylvania,Snyder County,45.58,98,246.6,United Methodist Church,42109
42111,Pennsylvania,Somerset County,48.96,196,264.4,Catholic Church,42111
42113,Pennsylvania,Sullivan County,41.78,15,256.8,Catholic Church,42113
42115,Pennsylvania,Susquehanna County,32.32,75,195.1,Catholic Church,42115
42117,Pennsylvania,Tioga County,31.05,112,272.9,Non-denominational Christian Churches,42117
42119,Pennsylvania,Union County,34.12,73,171,Evangelical Lutheran Church in America,42119
42121,Pennsylvania,Venango County,44.57,119,235.9,United Methodist Church,42121
42123,Pennsylvania,Warren County,37.73,78,202.1,United Methodist Church,42123
42125,Pennsylvania,Washington County,42.18,266,127.1,Catholic Church,42125
42127,Pennsylvania,Wayne County,35.7,66,129,Catholic Church,42127
42129,Pennsylvania,Westmoreland County,51.42,429,121,Catholic Church,42129
42131,Pennsylvania,Wyoming County,35.7,46,176.5,Catholic Church,42131
42133,Pennsylvania,York County,34.14,494,108.2,Catholic Church,42133
44001,Rhode Island,Bristol County,49.25,28,55.1,Catholic Church,44001
44003,Rhode Island,Kent County,45.12,97,56.9,Catholic Church,44003
44005,Rhode Island,Newport County,67.42,65,75.9,Catholic Church,44005
44007,Rhode Island,Providence County,51.92,427,64.6,Catholic Church,44007
44009,Rhode Island,Washington County,48.17,91,70.1,Catholic Church,44009
45001,South Carolina,Abbeville County,62.72,87,358.1,Southern Baptist Convention,45001
45003,South Carolina,Aiken County,61.01,268,158.8,Southern Baptist Convention,45003
45005,South Carolina,Allendale County,57.23,32,398.1,Southern Baptist Convention,45005
45007,South Carolina,Anderson County,72.57,346,169.8,Southern Baptist Convention,45007
45009,South Carolina,Bamberg County,47.85,62,465.8,Southern Baptist Convention,45009
45011,South Carolina,Barnwell County,59.9,66,320.6,Southern Baptist Convention,45011
45013,South Carolina,Beaufort County,44.61,161,86,Catholic Church,45013
45015,South Carolina,Berkeley County,35.99,263,114.4,Catholic Church,45015
45017,South Carolina,Calhoun County,38.49,41,290.4,African Methodist Episcopal Church,45017
45019,South Carolina,Charleston County,50.58,511,125.2,Catholic Church,45019
45021,South Carolina,Cherokee County,62.66,109,193.9,Southern Baptist Convention,45021
45023,South Carolina,Chester County,68.45,123,380.9,Southern Baptist Convention,45023
45025,South Carolina,Chesterfield County,50.56,149,344.3,Southern Baptist Convention,45025
45027,South Carolina,Clarendon County,52.25,93,298.6,African Methodist Episcopal Church,45027
45029,South Carolina,Colleton County,51.91,132,341.9,Southern Baptist Convention,45029
45031,South Carolina,Darlington County,52.32,145,230.5,Southern Baptist Convention,45031
45033,South Carolina,Dillon County,55.54,78,275.7,Southern Baptist Convention,45033
45035,South Carolina,Dorchester County,41.84,174,107.7,Catholic Church,45035
45037,South Carolina,Edgefield County,53.33,53,206.6,Southern Baptist Convention,45037
45039,South Carolina,Fairfield County,69.2,80,381.9,Southern Baptist Convention,45039
45041,South Carolina,Florence County,52.02,255,186.1,Southern Baptist Convention,45041
45043,South Carolina,Georgetown County,61.86,133,209.8,Southern Baptist Convention,45043
45045,South Carolina,Greenville County,59.38,667,126.9,Southern Baptist Convention,45045
45047,South Carolina,Greenwood County,51.83,139,200.4,Southern Baptist Convention,45047
45049,South Carolina,Hampton County,60.72,77,414.8,Southern Baptist Convention,45049
45051,South Carolina,Horry County,45,389,110.8,Catholic Church,45051
45053,South Carolina,Jasper County,37.54,51,177.1,Southern Baptist Convention,45053
45055,South Carolina,Kershaw County,48.81,122,186.5,Southern Baptist Convention,45055
45057,South Carolina,Lancaster County,47.52,177,184.3,Southern Baptist Convention,45057
45059,South Carolina,Laurens County,56.55,167,247.3,Southern Baptist Convention,45059
45061,South Carolina,Lee County,55.15,52,314.6,African Methodist Episcopal Church,45061
45063,South Carolina,Lexington County,52.87,329,111.9,Southern Baptist Convention,45063
45065,South Carolina,McCormick County,51.62,28,293.9,African Methodist Episcopal Church,45065
45067,South Carolina,Marion County,64.61,79,270.7,Southern Baptist Convention,45067
45069,South Carolina,Marlboro County,42.16,78,292.5,Non-denominational Christian Churches,45069
45071,South Carolina,Newberry County,51.18,117,310.2,Evangelical Lutheran Church in America,45071
45073,South Carolina,Oconee County,54.95,160,203.5,Southern Baptist Convention,45073
45075,South Carolina,Orangeburg County,64.76,234,277.8,Southern Baptist Convention,45075
45077,South Carolina,Pickens County,47.6,194,147.6,Southern Baptist Convention,45077
45079,South Carolina,Richland County,56.61,497,119.4,Non-denominational Christian Churches,45079
45081,South Carolina,Saluda County,49.76,58,307.5,Southern Baptist Convention,45081
45083,South Carolina,Spartanburg County,51.54,484,147.6,Southern Baptist Convention,45083
45085,South Carolina,Sumter County,53.15,193,182.8,Southern Baptist Convention,45085
45087,South Carolina,Union County,78.05,87,319.3,Southern Baptist Convention,45087
45089,South Carolina,Williamsburg County,56.73,105,338.4,African Methodist Episcopal Church,45089
45091,South Carolina,York County,44.7,360,127.6,Southern Baptist Convention,45091
46003,South Dakota,Aurora County,70.33,11,400.4,Catholic Church,46003
46005,South Dakota,Beadle County,60.71,49,255.9,Catholic Church,46005
46007,South Dakota,Bennett County,28.28,8,236.6,Catholic Church,46007
46009,South Dakota,Bon Homme County,50.66,24,342.7,Catholic Church,46009
46011,South Dakota,Brookings County,50.61,56,162.9,Evangelical Lutheran Church in America,46011
46013,South Dakota,Brown County,75.19,82,214.1,Catholic Church,46013
46015,South Dakota,Brule County,64.68,19,362.1,Catholic Church,46015
46017,South Dakota,Buffalo County,77.52,5,256.7,Catholic Church,46017
46019,South Dakota,Butte County,46.32,27,263.6,Non-denominational Christian Churches,46019
46021,South Dakota,Campbell County,84.82,12,871.5,Evangelical Lutheran Church in America,46021
46023,South Dakota,Charles Mix County,68.44,38,405.4,Catholic Church,46023
46025,South Dakota,Clark County,66.07,21,547.3,Evangelical Lutheran Church in America,46025
46027,South Dakota,Clay County,34.16,25,167,Catholic Church,46027
46029,South Dakota,Codington County,65.36,53,187.1,Catholic Church,46029
46031,South Dakota,Corson County,54.02,26,666.3,Catholic Church,46031
46033,South Dakota,Custer County,40.97,27,324.6,Evangelical Lutheran Church in America,46033
46035,South Dakota,Davison County,62.41,36,180.4,Catholic Church,46035
46037,South Dakota,Day County,68.69,25,458.8,Evangelical Lutheran Church in America,46037
46039,South Dakota,Deuel County,78.11,18,419.1,Evangelical Lutheran Church in America,46039
46041,South Dakota,Dewey County,44.99,28,534.5,Catholic Church,46041
46043,South Dakota,Douglas County,94.25,18,634.9,Christian Reformed Church in North America,46043
46045,South Dakota,Edmunds County,64.4,19,476.7,Catholic Church,46045
46047,South Dakota,Fall River County,46.14,24,344.2,Catholic Church,46047
46049,South Dakota,Faulk County,73.32,9,423.5,Catholic Church,46049
46051,South Dakota,Grant County,71.59,21,277.9,Catholic Church,46051
46053,South Dakota,Gregory County,82,23,575.9,Catholic Church,46053
46055,South Dakota,Haakon County,63.46,16,854.7,Catholic Church,46055
46057,South Dakota,Hamlin County,23.73,21,340.7,Evangelical Lutheran Church in America,46057
46059,South Dakota,Hand County,63.24,12,381.6,Catholic Church,46059
46061,South Dakota,Hanson County,46.11,14,404.5,Catholic Church,46061
46063,South Dakota,Harding County,60.41,10,762.8,Catholic Church,46063
46065,South Dakota,Hughes County,64.43,39,219.5,Catholic Church,46065
46067,South Dakota,Hutchinson County,82.27,37,498.2,Mennonite Church USA,46067
46069,South Dakota,Hyde County,89.3,7,554.7,Evangelical Lutheran Church in America,46069
46071,South Dakota,Jackson County,24.63,9,320.7,Evangelical Lutheran Church in America,46071
46073,South Dakota,Jerauld County,66.33,10,601.3,Catholic Church,46073
46075,South Dakota,Jones County,87.46,9,981.5,Catholic Church,46075
46077,South Dakota,Kingsbury County,80.95,22,424.1,Evangelical Lutheran Church in America,46077
46079,South Dakota,Lake County,59.92,28,253.2,Evangelical Lutheran Church in America,46079
46081,South Dakota,Lawrence County,39.53,41,159.1,Catholic Church,46081
46083,South Dakota,Lincoln County,25.93,67,102.8,Evangelical Lutheran Church in America,46083
46085,South Dakota,Lyman County,114.69,17,457.2,Catholic Church,46085
46087,South Dakota,McCook County,60.37,21,369.6,Catholic Church,46087
46089,South Dakota,McPherson County,64,13,539.2,Schmiedeleut Hutterite Group 2,46089
46091,South Dakota,Marshall County,69.53,18,418,Catholic Church,46091
46093,South Dakota,Meade County,35.13,56,187.6,Catholic Church,46093
46095,South Dakota,Mellette County,37.17,8,417.1,Catholic Church,46095
46097,South Dakota,Miner County,54.26,9,391.6,Catholic Church,46097
46099,South Dakota,Minnehaha County,66.92,253,128.3,Catholic Church,46099
46101,South Dakota,Moody County,64.19,21,331.4,Evangelical Lutheran Church in America,46101
46102,South Dakota,Oglala Lakota County,24.13,24,175.5,Episcopal Church,46102
46103,South Dakota,Pennington County,49.07,137,125.4,Wesleyan Church,46103
46105,South Dakota,Perkins County,69.84,25,881.8,Evangelical Lutheran Church in America,46105
46107,South Dakota,Potter County,85.92,12,485.4,Catholic Church,46107
46109,South Dakota,Roberts County,58.6,40,389.1,Evangelical Lutheran Church in America,46109
46111,South Dakota,Sanborn County,56.14,9,386.3,Catholic Church,46111
46115,South Dakota,Spink County,70.37,25,393,Catholic Church,46115
46117,South Dakota,Stanley County,46.85,5,167.8,Catholic Church,46117
46119,South Dakota,Sully County,44.12,6,414.9,Catholic Church,46119
46121,South Dakota,Todd County,32.86,22,236.1,Catholic Church,46121
46123,South Dakota,Tripp County,58.96,22,391.2,Catholic Church,46123
46125,South Dakota,Turner County,49.95,38,438.1,Evangelical Lutheran Church in America,46125
46127,South Dakota,Union County,33.48,28,166.6,Evangelical Lutheran Church in America,46127
46129,South Dakota,Walworth County,78.66,32,602.1,Non-denominational Christian Churches,46129
46135,South Dakota,Yankton County,59.67,44,188.8,Catholic Church,46135
46137,South Dakota,Ziebach County,39.45,12,497.3,Non-denominational Christian Churches,46137
47001,Tennessee,Anderson County,57.4,133,172.5,Southern Baptist Convention,47001
47003,Tennessee,Bedford County,41.28,112,222.9,Southern Baptist Convention,47003
47005,Tennessee,Benton County,49.33,60,378.2,Southern Baptist Convention,47005
47007,Tennessee,Bledsoe County,20.45,35,234.7,"Church of God (Cleveland, Tennessee)",47007
47009,Tennessee,Blount County,52.08,230,170,Southern Baptist Convention,47009
47011,Tennessee,Bradley County,62.16,219,201.6,Southern Baptist Convention,47011
47013,Tennessee,Campbell County,40.2,78,198.6,Southern Baptist Convention,47013
47015,Tennessee,Cannon County,39.16,49,337.8,Southern Baptist Convention,47015
47017,Tennessee,Carroll County,56.2,91,320,Southern Baptist Convention,47017
47019,Tennessee,Carter County,46.27,126,223.6,Southern Baptist Convention,47019
47021,Tennessee,Cheatham County,29.09,69,168,Southern Baptist Convention,47021
47023,Tennessee,Chester County,51.02,51,294.1,Southern Baptist Convention,47023
47025,Tennessee,Claiborne County,57.08,98,305.8,Southern Baptist Convention,47025
47027,Tennessee,Clay County,45.27,36,474.9,Churches of Christ,47027
47029,Tennessee,Cocke County,38.96,99,275,Southern Baptist Convention,47029
47031,Tennessee,Coffee County,48.94,125,215.9,Southern Baptist Convention,47031
47033,Tennessee,Crockett County,67.85,63,452.9,Southern Baptist Convention,47033
47035,Tennessee,Cumberland County,53.63,121,197.9,Southern Baptist Convention,47035
47037,Tennessee,Davidson County,61.7,954,133.3,Non-denominational Christian Churches,47037
47039,Tennessee,Decatur County,55.87,50,437.3,Southern Baptist Convention,47039
47041,Tennessee,DeKalb County,42.77,69,343.6,Southern Baptist Convention,47041
47043,Tennessee,Dickson County,46.9,131,241.2,Non-denominational Christian Churches,47043
47045,Tennessee,Dyer County,61.04,111,301.6,Southern Baptist Convention,47045
47047,Tennessee,Fayette County,57.04,113,269.1,Non-denominational Christian Churches,47047
47049,Tennessee,Fentress County,36.5,41,221.8,Southern Baptist Convention,47049
47051,Tennessee,Franklin County,49.66,129,301.6,Southern Baptist Convention,47051
47053,Tennessee,Gibson County,65.23,191,378.8,Southern Baptist Convention,47053
47055,Tennessee,Giles County,58.96,126,415.2,Southern Baptist Convention,47055
47057,Tennessee,Grainger County,52.13,61,259.3,Southern Baptist Convention,47057
47059,Tennessee,Greene County,48.77,201,286.5,Southern Baptist Convention,47059
47061,Tennessee,Grundy County,29.66,43,317.8,Non-denominational Christian Churches,47061
47063,Tennessee,Hamblen County,73.69,146,226.4,Southern Baptist Convention,47063
47065,Tennessee,Hamilton County,59.07,673,183.8,Southern Baptist Convention,47065
47067,Tennessee,Hancock County,81.22,30,450.3,Southern Baptist Convention,47067
47069,Tennessee,Hardeman County,58.8,111,435.9,Southern Baptist Convention,47069
47071,Tennessee,Hardin County,59.16,89,331.7,Southern Baptist Convention,47071
47073,Tennessee,Hawkins County,53.72,165,290.9,Southern Baptist Convention,47073
47075,Tennessee,Haywood County,64.24,77,431,Southern Baptist Convention,47075
47077,Tennessee,Henderson County,49.38,69,247.8,Southern Baptist Convention,47077
47079,Tennessee,Henry County,60.96,125,388.2,Southern Baptist Convention,47079
47081,Tennessee,Hickman County,33.71,75,300.9,Southern Baptist Convention,47081
47083,Tennessee,Houston County,36.57,28,338,Church of the Nazarene,47083
47085,Tennessee,Humphreys County,41.45,64,337,Southern Baptist Convention,47085
47087,Tennessee,Jackson County,24.39,43,370.1,Churches of Christ,47087
47089,Tennessee,Jefferson County,56.63,117,214,Southern Baptist Convention,47089
47091,Tennessee,Johnson County,52.03,56,312,Southern Baptist Convention,47091
47093,Tennessee,Knox County,56.65,678,141.6,Southern Baptist Convention,47093
47095,Tennessee,Lake County,57.56,28,399.7,Southern Baptist Convention,47095
47097,Tennessee,Lauderdale County,50.46,81,322.2,Southern Baptist Convention,47097
47099,Tennessee,Lawrence County,60.99,136,308,Southern Baptist Convention,47099
47101,Tennessee,Lewis County,31.09,41,325.9,Churches of Christ,47101
47103,Tennessee,Lincoln County,58.65,118,334.1,Southern Baptist Convention,47103
47105,Tennessee,Loudon County,54.98,105,191.3,Southern Baptist Convention,47105
47107,Tennessee,McMinn County,68.6,153,287.2,Southern Baptist Convention,47107
47109,Tennessee,McNairy County,66.2,107,413.7,Southern Baptist Convention,47109
47111,Tennessee,Macon County,23.68,40,158.6,Churches of Christ,47111
47113,Tennessee,Madison County,71.78,229,231.7,Southern Baptist Convention,47113
47115,Tennessee,Marion County,41.26,91,315.6,Southern Baptist Convention,47115
47117,Tennessee,Marshall County,48.74,88,256.4,Southern Baptist Convention,47117
47119,Tennessee,Maury County,43.14,214,211.9,Churches of Christ,47119
47121,Tennessee,Meigs County,48.11,31,243,Southern Baptist Convention,47121
47123,Tennessee,Monroe County,59.85,118,255.1,Southern Baptist Convention,47123
47125,Tennessee,Montgomery County,47.47,244,110.9,Southern Baptist Convention,47125
47127,Tennessee,Moore County,32.47,18,278.6,Southern Baptist Convention,47127
47129,Tennessee,Morgan County,52.32,45,213.9,Southern Baptist Convention,47129
47131,Tennessee,Obion County,74.58,119,386.5,Southern Baptist Convention,47131
47133,Tennessee,Overton County,33.15,57,253.2,Southern Baptist Convention,47133
47135,Tennessee,Perry County,44.48,30,358.6,Southern Baptist Convention,47135
47137,Tennessee,Pickett County,38.25,15,299.9,Southern Baptist Convention,47137
47139,Tennessee,Polk County,68.63,71,404.7,Southern Baptist Convention,47139
47141,Tennessee,Putnam County,45.54,172,215.4,Southern Baptist Convention,47141
47143,Tennessee,Rhea County,42.95,91,276.8,Southern Baptist Convention,47143
47145,Tennessee,Roane County,60.69,132,247.2,Southern Baptist Convention,47145
47147,Tennessee,Robertson County,53.91,138,189.6,Southern Baptist Convention,47147
47149,Tennessee,Rutherford County,38.15,376,110.1,Non-denominational Christian Churches,47149
47151,Tennessee,Scott County,35.41,38,173.9,Southern Baptist Convention,47151
47153,Tennessee,Sequatchie County,36.26,31,195.9,Southern Baptist Convention,47153
47155,Tennessee,Sevier County,58.9,181,184,Southern Baptist Convention,47155
47157,Tennessee,Shelby County,68.64,1449,155.8,Non-denominational Christian Churches,47157
47159,Tennessee,Smith County,36.73,55,276.3,Southern Baptist Convention,47159
47161,Tennessee,Stewart County,53.61,59,432,Southern Baptist Convention,47161
47163,Tennessee,Sullivan County,62.28,344,217.5,Non-denominational Christian Churches,47163
47165,Tennessee,Sumner County,53.58,216,110,Southern Baptist Convention,47165
47167,Tennessee,Tipton County,54.32,130,213.2,Southern Baptist Convention,47167
47169,Tennessee,Trousdale County,31.08,25,215.2,"National Missionary Baptist Convention, Inc.",47169
47171,Tennessee,Unicoi County,37.47,44,245.4,Southern Baptist Convention,47171
47173,Tennessee,Union County,34.39,27,136.3,Southern Baptist Convention,47173
47175,Tennessee,Van Buren County,23.52,22,356.7,Southern Baptist Convention,47175
47177,Tennessee,Warren County,50.68,134,327.2,Southern Baptist Convention,47177
47179,Tennessee,Washington County,52.11,254,191,Southern Baptist Convention,47179
47181,Tennessee,Wayne County,38.09,66,406.6,Southern Baptist Convention,47181
47183,Tennessee,Weakley County,61.68,112,340.4,Southern Baptist Convention,47183
47185,Tennessee,White County,44.39,90,329.1,Southern Baptist Convention,47185
47187,Tennessee,Williamson County,54.96,268,108.2,Southern Baptist Convention,47187
47189,Tennessee,Wilson County,51.13,198,134,Southern Baptist Convention,47189
48001,Texas,Anderson County,53.6,116,200.3,Southern Baptist Convention,48001
48003,Texas,Andrews County,65.4,27,145.1,Southern Baptist Convention,48003
48005,Texas,Angelina County,70.35,206,238.4,Southern Baptist Convention,48005
48007,Texas,Aransas County,58.37,32,134.3,Catholic Church,48007
48009,Texas,Archer County,73.61,21,245.3,Southern Baptist Convention,48009
48011,Texas,Armstrong County,45.67,5,270.6,United Methodist Church,48011
48013,Texas,Atascosa County,61.92,75,153.1,Southern Baptist Convention,48013
48015,Texas,Austin County,61.21,61,202.2,Catholic Church,48015
48017,Texas,Bailey County,60.52,18,260.7,Catholic Church,48017
48019,Texas,Bandera County,62.19,39,187,Catholic Church,48019
48021,Texas,Bastrop County,44.17,111,114.2,Catholic Church,48021
48023,Texas,Baylor County,96.8,12,346.3,Southern Baptist Convention,48023
48025,Texas,Bee County,53.34,47,151.4,Catholic Church,48025
48027,Texas,Bell County,46.87,348,93.9,Catholic Church,48027
48029,Texas,Bexar County,53,1305,64.9,Catholic Church,48029
48031,Texas,Blanco County,45.48,23,202.2,Catholic Church,48031
48033,Texas,Borden County,43.42,3,475.4,Southern Baptist Convention,48033
48035,Texas,Bosque County,47.39,57,312.6,Southern Baptist Convention,48035
48037,Texas,Bowie County,70.28,203,218.5,Southern Baptist Convention,48037
48039,Texas,Brazoria County,57.16,377,101.3,Catholic Church,48039
48041,Texas,Brazos County,39.77,174,74.4,Catholic Church,48041
48043,Texas,Brewster County,51.15,29,303.8,Catholic Church,48043
48045,Texas,Briscoe County,88.64,10,696.9,Southern Baptist Convention,48045
48047,Texas,Brooks County,71.64,10,141.3,Catholic Church,48047
48049,Texas,Brown County,62.42,85,223.1,Southern Baptist Convention,48049
48051,Texas,Burleson County,66.59,45,255.1,Catholic Church,48051
48053,Texas,Burnet County,53.71,80,162.8,Catholic Church,48053
48055,Texas,Caldwell County,45.49,70,152.6,Catholic Church,48055
48057,Texas,Calhoun County,70.47,48,238.7,Catholic Church,48057
48059,Texas,Callahan County,51.57,37,269.9,Southern Baptist Convention,48059
48061,Texas,Cameron County,54.55,369,87.6,Catholic Church,48061
48063,Texas,Camp County,64.32,49,393.1,Southern Baptist Convention,48063
48065,Texas,Carson County,57.36,20,344.4,Southern Baptist Convention,48065
48067,Texas,Cass County,67.45,104,365.5,Southern Baptist Convention,48067
48069,Texas,Castro County,75.31,16,217.1,Catholic Church,48069
48071,Texas,Chambers County,35.67,48,103.1,Catholic Church,48071
48073,Texas,Cherokee County,59.77,162,321.4,Southern Baptist Convention,48073
48075,Texas,Childress County,46.29,15,225.1,Southern Baptist Convention,48075
48077,Texas,Clay County,56.74,26,254.5,Southern Baptist Convention,48077
48079,Texas,Cochran County,92.27,18,706.7,Catholic Church,48079
48081,Texas,Coke County,70.17,19,578.4,Southern Baptist Convention,48081
48083,Texas,Coleman County,63.01,44,572.6,Southern Baptist Convention,48083
48085,Texas,Collin County,47.22,576,54.1,Catholic Church,48085
48087,Texas,Collingsworth County,124.81,15,565.6,Southern Baptist Convention,48087
48089,Texas,Colorado County,60.43,47,228.6,Catholic Church,48089
48091,Texas,Comal County,60.47,115,71.2,Catholic Church,48091
48093,Texas,Comanche County,59.56,49,360.5,Southern Baptist Convention,48093
48095,Texas,Concho County,40.99,14,423.9,Southern Baptist Convention,48095
48097,Texas,Cooke County,68.77,82,196.8,Catholic Church,48097
48099,Texas,Coryell County,41.41,108,130,Southern Baptist Convention,48099
48101,Texas,Cottle County,89.78,9,652.2,Southern Baptist Convention,48101
48103,Texas,Crane County,59.87,9,192.5,Catholic Church,48103
48105,Texas,Crockett County,47.81,10,322.8,Catholic Church,48105
48107,Texas,Crosby County,77.89,21,409.1,Catholic Church,48107
48109,Texas,Culberson County,83.04,11,502.7,Catholic Church,48109
48111,Texas,Dallam County,52.52,21,295.2,Southern Baptist Convention,48111
48113,Texas,Dallas County,58.97,2442,93.4,Catholic Church,48113
48115,Texas,Dawson County,66.47,40,321.1,Southern Baptist Convention,48115
48117,Texas,Deaf Smith County,62.68,37,199.1,Catholic Church,48117
48119,Texas,Delta County,51.51,24,458.9,Southern Baptist Convention,48119
48121,Texas,Denton County,40.71,526,58,Southern Baptist Convention,48121
48123,Texas,DeWitt County,45.34,48,242.1,Catholic Church,48123
48125,Texas,Dickens County,77.06,15,847.5,Southern Baptist Convention,48125
48127,Texas,Dimmit County,82.74,16,185.7,Catholic Church,48127
48129,Texas,Donley County,82.66,16,491.1,Southern Baptist Convention,48129
48131,Texas,Duval County,85.86,17,172.9,Catholic Church,48131
48133,Texas,Eastland County,90.15,71,400.6,Southern Baptist Convention,48133
48135,Texas,Ector County,50.29,190,115,Catholic Church,48135
48137,Texas,Edwards County,103.59,11,773.6,Catholic Church,48137
48139,Texas,Ellis County,50.71,249,129.4,Southern Baptist Convention,48139
48141,Texas,El Paso County,62.38,506,58.5,Catholic Church,48141
48143,Texas,Erath County,47.6,81,190.4,Southern Baptist Convention,48143
48145,Texas,Falls County,54.23,54,318.2,Southern Baptist Convention,48145
48147,Texas,Fannin County,49.79,107,300,Southern Baptist Convention,48147
48149,Texas,Fayette County,83.54,60,245.5,Catholic Church,48149
48151,Texas,Fisher County,92.35,15,408.5,Southern Baptist Convention,48151
48153,Texas,Floyd County,67.88,23,425.8,Southern Baptist Convention,48153
48155,Texas,Foard County,57.08,7,639.3,Southern Baptist Convention,48155
48157,Texas,Fort Bend County,42.65,443,53.8,Catholic Church,48157
48159,Texas,Franklin County,46.48,23,222,Southern Baptist Convention,48159
48161,Texas,Freestone County,55.12,52,267.6,Non-denominational Christian Churches,48161
48163,Texas,Frio County,19.95,22,119.7,Catholic Church,48163
48165,Texas,Gaines County,45.32,33,152.8,Southern Baptist Convention,48165
48167,Texas,Galveston County,44.82,317,90.4,Catholic Church,48167
48169,Texas,Garza County,47.42,19,326.7,Catholic Church,48169
48171,Texas,Gillespie County,83.13,39,145.9,Catholic Church,48171
48173,Texas,Glasscock County,75.81,5,448,Catholic Church,48173
48175,Texas,Goliad County,37.46,18,256.7,Catholic Church,48175
48177,Texas,Gonzales County,83.22,48,244.2,Catholic Church,48177
48179,Texas,Gray County,83.47,47,221.4,Southern Baptist Convention,48179
48181,Texas,Grayson County,45.54,218,160.8,Southern Baptist Convention,48181
48183,Texas,Gregg County,86.44,263,211.7,Southern Baptist Convention,48183
48185,Texas,Grimes County,48.1,56,191.3,Catholic Church,48185
48187,Texas,Guadalupe County,34.13,127,73.5,Southern Baptist Convention,48187
48189,Texas,Hale County,83.35,73,224.5,Southern Baptist Convention,48189
48191,Texas,Hall County,44.28,13,460.2,Southern Baptist Convention,48191
48193,Texas,Hamilton County,48.63,29,352.7,Southern Baptist Convention,48193
48195,Texas,Hansford County,76.88,16,302.7,Southern Baptist Convention,48195
48197,Texas,Hardeman County,72.33,14,394.5,Southern Baptist Convention,48197
48199,Texas,Hardin County,47.32,99,176.1,Southern Baptist Convention,48199
48201,Texas,Harris County,58.72,3414,72.2,Catholic Church,48201
48203,Texas,Harrison County,46.66,148,215,Southern Baptist Convention,48203
48205,Texas,Hartley County,38.72,11,204.4,Non-denominational Christian Churches,48205
48207,Texas,Haskell County,102.38,29,535.5,Southern Baptist Convention,48207
48209,Texas,Hays County,39.07,143,59.3,Catholic Church,48209
48211,Texas,Hemphill County,75.84,11,325.3,Catholic Church,48211
48213,Texas,Henderson County,48.49,173,210.6,Southern Baptist Convention,48213
48215,Texas,Hidalgo County,61.45,594,68.2,Catholic Church,48215
48217,Texas,Hill County,61.53,105,292.7,Southern Baptist Convention,48217
48219,Texas,Hockley County,61.87,57,264.7,Southern Baptist Convention,48219
48221,Texas,Hood County,50.39,68,110.4,Southern Baptist Convention,48221
48223,Texas,Hopkins County,55.76,107,290.9,Southern Baptist Convention,48223
48225,Texas,Houston County,57.84,91,412.4,Southern Baptist Convention,48225
48227,Texas,Howard County,55.24,62,177.9,Southern Baptist Convention,48227
48229,Texas,Hudspeth County,50.66,12,374.8,Catholic Church,48229
48231,Texas,Hunt County,42.61,182,182.1,Southern Baptist Convention,48231
48233,Texas,Hutchinson County,53.1,55,266.8,Southern Baptist Convention,48233
48235,Texas,Irion County,39.52,6,396.6,United Methodist Church,48235
48237,Texas,Jack County,46.25,33,389.5,Southern Baptist Convention,48237
48239,Texas,Jackson County,61.31,36,240.2,Catholic Church,48239
48241,Texas,Jasper County,67.13,102,309.3,Southern Baptist Convention,48241
48243,Texas,Jeff Davis County,35.92,8,400.8,Catholic Church,48243
48245,Texas,Jefferson County,69.94,408,159,Catholic Church,48245
48247,Texas,Jim Hogg County,92.56,8,165.4,Catholic Church,48247
48249,Texas,Jim Wells County,74.63,49,126,Catholic Church,48249
48251,Texas,Johnson County,36.51,191,106.2,Southern Baptist Convention,48251
48253,Texas,Jones County,46.59,51,259.4,Southern Baptist Convention,48253
48255,Texas,Karnes County,63.32,39,265.1,Catholic Church,48255
48257,Texas,Kaufman County,40.89,174,119.7,Southern Baptist Convention,48257
48259,Texas,Kendall County,77.17,43,97.1,Catholic Church,48259
48261,Texas,Kenedy County,63.14,1,285.7,Catholic Church,48261
48263,Texas,Kent County,88.45,5,664,Southern Baptist Convention,48263
48265,Texas,Kerr County,62.88,82,155.9,Catholic Church,48265
48267,Texas,Kimble County,45.52,16,373.3,Southern Baptist Convention,48267
48269,Texas,King County,452.45,2,754.7,Southern Baptist Convention,48269
48271,Texas,Kinney County,59.73,11,351.6,Catholic Church,48271
48273,Texas,Kleberg County,62.63,42,135.3,Catholic Church,48273
48275,Texas,Knox County,75.31,20,596.5,Southern Baptist Convention,48275
48277,Texas,Lamar County,52.37,131,261.5,Southern Baptist Convention,48277
48279,Texas,Lamb County,75.36,41,314.3,Southern Baptist Convention,48279
48281,Texas,Lampasas County,44.95,39,180.3,Southern Baptist Convention,48281
48283,Texas,La Salle County,85.89,11,165.1,Catholic Church,48283
48285,Texas,Lavaca County,86.29,48,236,Catholic Church,48285
48287,Texas,Lee County,67.55,39,223.1,Catholic Church,48287
48289,Texas,Leon County,56.12,86,547.1,Southern Baptist Convention,48289
48291,Texas,Liberty County,48.71,138,150.6,Southern Baptist Convention,48291
48293,Texas,Limestone County,65.16,78,352.2,Southern Baptist Convention,48293
48295,Texas,Lipscomb County,91.37,16,523,Southern Baptist Convention,48295
48297,Texas,Live Oak County,58.46,25,220.6,Catholic Church,48297
48299,Texas,Llano County,41.48,38,178.9,Southern Baptist Convention,48299
48301,Texas,Loving County,0,0,0,NA,48301
48303,Texas,Lubbock County,51.21,345,111.1,Catholic Church,48303
48305,Texas,Lynn County,77.57,21,375.3,Southern Baptist Convention,48305
48307,Texas,McCulloch County,48.35,30,393.2,Southern Baptist Convention,48307
48309,Texas,McLennan County,57.33,392,150.4,Catholic Church,48309
48311,Texas,McMullen County,54.83,2,333.3,Catholic Church,48311
48313,Texas,Madison County,49.71,31,230.4,Catholic Church,48313
48315,Texas,Marion County,42.38,42,431.9,Southern Baptist Convention,48315
48317,Texas,Martin County,60.99,15,286.4,Southern Baptist Convention,48317
48319,Texas,Mason County,78.02,14,354.2,Non-denominational Christian Churches,48319
48321,Texas,Matagorda County,55.75,80,220.7,Catholic Church,48321
48323,Texas,Maverick County,77.21,57,98.5,Catholic Church,48323
48325,Texas,Medina County,68.52,61,120.2,Catholic Church,48325
48327,Texas,Menard County,50.05,11,560.7,Non-denominational Christian Churches,48327
48329,Texas,Midland County,65.24,180,105.9,Southern Baptist Convention,48329
48331,Texas,Milam County,59.51,87,351.5,Catholic Church,48331
48333,Texas,Mills County,86.42,19,426.4,Southern Baptist Convention,48333
48335,Texas,Mitchell County,74.28,27,300.3,Catholic Church,48335
48337,Texas,Montague County,43.67,61,305.5,Southern Baptist Convention,48337
48339,Texas,Montgomery County,49.84,421,67.9,Catholic Church,48339
48341,Texas,Moore County,61.7,48,224.7,Southern Baptist Convention,48341
48343,Texas,Morris County,147.86,46,384.2,Non-denominational Christian Churches,48343
48345,Texas,Motley County,64.35,9,846.7,Non-denominational Christian Churches,48345
48347,Texas,Nacogdoches County,55.83,158,244.4,Southern Baptist Convention,48347
48349,Texas,Navarro County,45.04,112,212.8,Southern Baptist Convention,48349
48351,Texas,Newton County,34.93,41,335.6,Southern Baptist Convention,48351
48353,Texas,Nolan County,58.22,43,291.8,Southern Baptist Convention,48353
48355,Texas,Nueces County,63.81,335,94.9,Catholic Church,48355
48357,Texas,Ochiltree County,77,28,279.6,Catholic Church,48357
48359,Texas,Oldham County,29.24,6,341.3,Southern Baptist Convention,48359
48361,Texas,Orange County,58.47,141,166.3,Southern Baptist Convention,48361
48363,Texas,Palo Pinto County,55.59,72,253.4,Southern Baptist Convention,48363
48365,Texas,Panola County,61.6,82,364.6,Southern Baptist Convention,48365
48367,Texas,Parker County,44.48,176,118.7,Southern Baptist Convention,48367
48369,Texas,Parmer County,58.47,27,273.6,Southern Baptist Convention,48369
48371,Texas,Pecos County,51.46,37,243.5,Catholic Church,48371
48373,Texas,Polk County,34.1,98,195.5,Southern Baptist Convention,48373
48375,Texas,Potter County,77.53,190,160.3,Southern Baptist Convention,48375
48377,Texas,Presidio County,72.01,18,293.6,Catholic Church,48377
48379,Texas,Rains County,45.86,28,230.2,Southern Baptist Convention,48379
48381,Texas,Randall County,49.46,117,83.1,Non-denominational Christian Churches,48381
48383,Texas,Reagan County,66.71,9,265.9,Southern Baptist Convention,48383
48385,Texas,Real County,70.45,13,471.4,Southern Baptist Convention,48385
48387,Texas,Red River County,53.38,54,466,Southern Baptist Convention,48387
48389,Texas,Reeves County,25.68,28,189.9,Southern Baptist Convention,48389
48391,Texas,Refugio County,82.08,32,474.7,Southern Baptist Convention,48391
48393,Texas,Roberts County,62.03,4,483.7,Southern Baptist Convention,48393
48395,Texas,Robertson County,66.71,47,280.5,Southern Baptist Convention,48395
48397,Texas,Rockwall County,74.15,78,72.3,Southern Baptist Convention,48397
48399,Texas,Runnels County,85.45,37,373.7,Southern Baptist Convention,48399
48401,Texas,Rusk County,43.26,132,252.8,Southern Baptist Convention,48401
48403,Texas,Sabine County,67.93,37,374,Southern Baptist Convention,48403
48405,Texas,San Augustine County,49.37,38,479.9,Southern Baptist Convention,48405
48407,Texas,San Jacinto County,21.32,45,164.2,Southern Baptist Convention,48407
48409,Texas,San Patricio County,62.65,102,148.4,Catholic Church,48409
48411,Texas,San Saba County,77.77,27,471.2,Southern Baptist Convention,48411
48413,Texas,Schleicher County,113.95,11,448.8,Catholic Church,48413
48415,Texas,Scurry County,57.53,42,248.1,Southern Baptist Convention,48415
48417,Texas,Shackelford County,58.58,18,579.7,Southern Baptist Convention,48417
48419,Texas,Shelby County,53.51,89,370.5,Southern Baptist Convention,48419
48421,Texas,Sherman County,70.99,9,323.5,Southern Baptist Convention,48421
48423,Texas,Smith County,61.56,380,162.8,Southern Baptist Convention,48423
48425,Texas,Somervell County,56.48,20,217.3,Southern Baptist Convention,48425
48427,Texas,Starr County,84.37,47,71.3,Catholic Church,48427
48429,Texas,Stephens County,82.4,22,241.7,Southern Baptist Convention,48429
48431,Texas,Sterling County,72.52,7,510.2,Southern Baptist Convention,48431
48433,Texas,Stonewall County,166.99,10,803.2,Southern Baptist Convention,48433
48435,Texas,Sutton County,85.38,13,385.5,Catholic Church,48435
48437,Texas,Swisher County,69.55,26,373,Southern Baptist Convention,48437
48439,Texas,Tarrant County,60.66,1810,85.8,Catholic Church,48439
48441,Texas,Taylor County,62.77,215,150.1,Southern Baptist Convention,48441
48443,Texas,Terrell County,101.18,6,789.5,Catholic Church,48443
48445,Texas,Terry County,59.39,32,270.5,Southern Baptist Convention,48445
48447,Texas,Throckmorton County,111.39,9,625,Southern Baptist Convention,48447
48449,Texas,Titus County,93.06,87,278.4,Southern Baptist Convention,48449
48451,Texas,Tom Green County,60.15,139,115.8,Southern Baptist Convention,48451
48453,Texas,Travis County,43.87,737,57.1,Catholic Church,48453
48455,Texas,Trinity County,48.13,48,352.9,Southern Baptist Convention,48455
48457,Texas,Tyler County,52.65,57,287.9,Southern Baptist Convention,48457
48459,Texas,Upshur County,44.5,113,276.3,Southern Baptist Convention,48459
48461,Texas,Upton County,95.68,16,483.7,Southern Baptist Convention,48461
48463,Texas,Uvalde County,57.13,55,223.9,Catholic Church,48463
48465,Texas,Val Verde County,41.55,56,117.7,Catholic Church,48465
48467,Texas,Van Zandt County,42.63,134,225.1,Southern Baptist Convention,48467
48469,Texas,Victoria County,56.38,104,113.9,Catholic Church,48469
48471,Texas,Walker County,53.14,85,111.3,Catholic Church,48471
48473,Texas,Waller County,33.57,65,114.4,Catholic Church,48473
48475,Texas,Ward County,67.27,30,257.6,Southern Baptist Convention,48475
48477,Texas,Washington County,71.45,70,195.5,Catholic Church,48477
48479,Texas,Webb County,68.68,163,61,Catholic Church,48479
48481,Texas,Wharton County,73.32,82,197.3,Catholic Church,48481
48483,Texas,Wheeler County,36.53,21,420.8,Southern Baptist Convention,48483
48485,Texas,Wichita County,68.34,198,153.1,Southern Baptist Convention,48485
48487,Texas,Wilbarger County,86.46,37,287.1,Southern Baptist Convention,48487
48489,Texas,Willacy County,22.97,33,163.7,Catholic Church,48489
48491,Texas,Williamson County,40.73,372,61.1,Catholic Church,48491
48493,Texas,Wilson County,40.53,41,82.4,Catholic Church,48493
48495,Texas,Winkler County,51.83,20,256.7,Southern Baptist Convention,48495
48497,Texas,Wise County,46.08,103,150.1,Southern Baptist Convention,48497
48499,Texas,Wood County,68.87,141,314.4,Southern Baptist Convention,48499
48501,Texas,Yoakum County,90.11,25,324.9,Catholic Church,48501
48503,Texas,Young County,88.21,61,341.4,Southern Baptist Convention,48503
48505,Texas,Zapata County,65.04,22,158.4,Catholic Church,48505
48507,Texas,Zavala County,96.48,15,155.1,Catholic Church,48507
49001,Utah,Beaver County,64.55,16,226.2,Church of Jesus Christ of Latter-day Saints,49001
49003,Utah,Box Elder County,90.05,142,246.2,Church of Jesus Christ of Latter-day Saints,49003
49005,Utah,Cache County,82.16,267,200.5,Church of Jesus Christ of Latter-day Saints,49005
49007,Utah,Carbon County,61.61,47,230.3,Church of Jesus Christ of Latter-day Saints,49007
49009,Utah,Daggett County,51.12,2,213.9,Church of Jesus Christ of Latter-day Saints,49009
49011,Utah,Davis County,76.14,676,186.4,Church of Jesus Christ of Latter-day Saints,49011
49013,Utah,Duchesne County,58.11,41,209.2,Church of Jesus Christ of Latter-day Saints,49013
49015,Utah,Emery County,61.47,22,223.9,Church of Jesus Christ of Latter-day Saints,49015
49017,Utah,Garfield County,97.32,18,354.1,Church of Jesus Christ of Latter-day Saints,49017
49019,Utah,Grand County,40.96,21,217.2,Church of Jesus Christ of Latter-day Saints,49019
49021,Utah,Iron County,54.15,94,164.1,Church of Jesus Christ of Latter-day Saints,49021
49023,Utah,Juab County,69.81,22,186.7,Church of Jesus Christ of Latter-day Saints,49023
49025,Utah,Kane County,63.22,22,286.9,Church of Jesus Christ of Latter-day Saints,49025
49027,Utah,Millard County,79.07,41,316,Church of Jesus Christ of Latter-day Saints,49027
49029,Utah,Morgan County,87.48,28,227.7,Church of Jesus Christ of Latter-day Saints,49029
49031,Utah,Piute County,56.95,3,208.6,Church of Jesus Christ of Latter-day Saints,49031
49033,Utah,Rich County,110.08,9,358.6,Church of Jesus Christ of Latter-day Saints,49033
49035,Utah,Salt Lake County,67.38,1670,140.9,Church of Jesus Christ of Latter-day Saints,49035
49037,Utah,San Juan County,47.81,34,234.2,Church of Jesus Christ of Latter-day Saints,49037
49039,Utah,Sanpete County,65.19,65,228.6,Church of Jesus Christ of Latter-day Saints,49039
49041,Utah,Sevier County,62.36,48,223,Church of Jesus Christ of Latter-day Saints,49041
49043,Utah,Summit County,50.01,49,115.7,Church of Jesus Christ of Latter-day Saints,49043
49045,Utah,Tooele County,71.08,120,165.1,Church of Jesus Christ of Latter-day Saints,49045
49047,Utah,Uintah County,51.39,69,193.7,Church of Jesus Christ of Latter-day Saints,49047
49049,Utah,Utah County,89.04,1394,211.4,Church of Jesus Christ of Latter-day Saints,49049
49051,Utah,Wasatch County,53.89,62,178.2,Church of Jesus Christ of Latter-day Saints,49051
49053,Utah,Washington County,74.06,330,183,Church of Jesus Christ of Latter-day Saints,49053
49055,Utah,Wayne County,76.15,7,281.6,Church of Jesus Christ of Latter-day Saints,49055
49057,Utah,Weber County,64.41,403,153.7,Church of Jesus Christ of Latter-day Saints,49057
50001,Vermont,Addison County,31.88,53,141.9,Catholic Church,50001
50003,Vermont,Bennington County,38.52,52,139.2,Catholic Church,50003
50005,Vermont,Caledonia County,38.2,59,195.2,Catholic Church,50005
50007,Vermont,Chittenden County,53.23,122,72.5,Catholic Church,50007
50009,Vermont,Essex County,17.16,10,168.9,Catholic Church,50009
50011,Vermont,Franklin County,36.69,47,94.1,Catholic Church,50011
50013,Vermont,Grand Isle County,37.89,9,123.4,Catholic Church,50013
50015,Vermont,Lamoille County,24.57,33,127.2,Catholic Church,50015
50017,Vermont,Orange County,10.16,51,174.2,United Church of Christ,50017
50019,Vermont,Orleans County,24.4,49,178.9,Catholic Church,50019
50021,Vermont,Rutland County,39.98,97,160.1,Catholic Church,50021
50023,Vermont,Washington County,42.53,88,147.1,Catholic Church,50023
50025,Vermont,Windham County,27.08,61,132.9,Catholic Church,50025
50027,Vermont,Windsor County,24.85,90,155.8,Catholic Church,50027
51001,Virginia,Accomack County,43.09,97,290.3,United Methodist Church,51001
51003,Virginia,Albemarle County,29.01,126,112.1,Southern Baptist Convention,51003
51005,Virginia,Alleghany County,45.03,51,335,Non-denominational Christian Churches,51005
51007,Virginia,Amelia County,34.41,35,263.9,Southern Baptist Convention,51007
51009,Virginia,Amherst County,57.04,68,217.2,Non-denominational Christian Churches,51009
51011,Virginia,Appomattox County,62.75,43,266.8,Non-denominational Christian Churches,51011
51013,Virginia,Arlington County,34.8,120,50.3,Catholic Church,51013
51015,Virginia,Augusta County,37.83,141,182,Non-denominational Christian Churches,51015
51017,Virginia,Bath County,33.55,19,451.4,United Methodist Church,51017
51019,Virginia,Bedford County,40.48,127,159.8,Southern Baptist Convention,51019
51021,Virginia,Bland County,28.69,29,462.5,United Methodist Church,51021
51023,Virginia,Botetourt County,50.64,79,235.1,Southern Baptist Convention,51023
51025,Virginia,Brunswick County,53.84,65,410.1,Reformed Zion Union Apostolic Church,51025
51027,Virginia,Buchanan County,25.3,38,186.7,Southern Baptist Convention,51027
51029,Virginia,Buckingham County,21.01,40,237.8,Southern Baptist Convention,51029
51031,Virginia,Campbell County,53.05,109,195.7,Non-denominational Christian Churches,51031
51033,Virginia,Caroline County,33.87,42,136,Southern Baptist Convention,51033
51035,Virginia,Carroll County,40.58,82,281.3,Southern Baptist Convention,51035
51036,Virginia,Charles City County,55.91,10,147.6,Southern Baptist Convention,51036
51037,Virginia,Charlotte County,46.45,48,416.3,Southern Baptist Convention,51037
51041,Virginia,Chesterfield County,49.33,278,76.3,Catholic Church,51041
51043,Virginia,Clarke County,38.22,28,189.4,United Methodist Church,51043
51045,Virginia,Craig County,35.61,13,265.7,Christian Churches and Churches of Christ,51045
51047,Virginia,Culpeper County,46.9,71,135.1,Non-denominational Christian Churches,51047
51049,Virginia,Cumberland County,45.14,25,258.4,Southern Baptist Convention,51049
51051,Virginia,Dickenson County,17.64,26,184.1,Southern Baptist Convention,51051
51053,Virginia,Dinwiddie County,34.93,46,164.6,Southern Baptist Convention,51053
51057,Virginia,Essex County,46.99,32,301.9,Southern Baptist Convention,51057
51059,Virginia,Fairfax County,47.99,710,61.7,Catholic Church,51059
51061,Virginia,Fauquier County,40.33,108,148,Catholic Church,51061
51063,Virginia,Floyd County,34.07,50,323.1,Church of the Brethren,51063
51065,Virginia,Fluvanna County,24.49,27,99.1,Catholic Church,51065
51067,Virginia,Franklin County,48.78,114,209.3,Southern Baptist Convention,51067
51069,Virginia,Frederick County,33.12,105,114.9,United Methodist Church,51069
51071,Virginia,Giles County,51.19,57,339.5,Non-denominational Christian Churches,51071
51073,Virginia,Gloucester County,34.65,47,121.4,Southern Baptist Convention,51073
51075,Virginia,Goochland County,46.37,39,157.7,Southern Baptist Convention,51075
51077,Virginia,Grayson County,38.06,53,345.7,Southern Baptist Convention,51077
51079,Virginia,Greene County,20.68,26,126.5,Southern Baptist Convention,51079
51081,Virginia,Greensville County,21.63,20,175.6,Southern Baptist Convention,51081
51083,Virginia,Halifax County,59.78,119,349.8,Southern Baptist Convention,51083
51085,Virginia,Hanover County,52.05,123,111.8,Southern Baptist Convention,51085
51087,Virginia,Henrico County,53.99,244,73,Catholic Church,51087
51089,Virginia,Henry County,53.94,127,249.3,Southern Baptist Convention,51089
51091,Virginia,Highland County,55.42,22,985.7,United Methodist Church,51091
51093,Virginia,Isle of Wight County,47.24,66,171,Non-denominational Christian Churches,51093
51095,Virginia,James City County,44.02,54,69,Catholic Church,51095
51097,Virginia,King and Queen County,42.75,18,272.4,Southern Baptist Convention,51097
51099,Virginia,King George County,23.41,27,101,Southern Baptist Convention,51099
51101,Virginia,King William County,32.36,27,151.6,Southern Baptist Convention,51101
51103,Virginia,Lancaster County,64.83,33,302.2,Southern Baptist Convention,51103
51105,Virginia,Lee County,59.67,101,455.5,Southern Baptist Convention,51105
51107,Virginia,Loudoun County,28.72,207,49.2,Catholic Church,51107
51109,Virginia,Louisa County,30.71,62,164.9,Southern Baptist Convention,51109
51111,Virginia,Lunenburg County,33.29,37,310,Southern Baptist Convention,51111
51113,Virginia,Madison County,42.62,36,260.2,Non-denominational Christian Churches,51113
51115,Virginia,Mathews County,80.9,26,304.7,Non-denominational Christian Churches,51115
51117,Virginia,Mecklenburg County,44.34,105,346.3,Southern Baptist Convention,51117
51119,Virginia,Middlesex County,38.12,19,178.8,Southern Baptist Convention,51119
51121,Virginia,Montgomery County,33.25,130,130.4,Non-denominational Christian Churches,51121
51125,Virginia,Nelson County,54.92,39,264,Southern Baptist Convention,51125
51127,Virginia,New Kent County,27.93,23,100.2,Southern Baptist Convention,51127
51131,Virginia,Northampton County,50.59,35,285,United Methodist Church,51131
51133,Virginia,Northumberland County,37.72,35,295.6,United Methodist Church,51133
51135,Virginia,Nottoway County,38.46,45,287.7,Non-denominational Christian Churches,51135
51137,Virginia,Orange County,40.6,59,162.7,Southern Baptist Convention,51137
51139,Virginia,Page County,31.76,50,210.9,United Methodist Church,51139
51141,Virginia,Patrick County,42.62,68,386.2,Southern Baptist Convention,51141
51143,Virginia,Pittsylvania County,42.22,140,231.4,Southern Baptist Convention,51143
51145,Virginia,Powhatan County,43.54,37,122,Southern Baptist Convention,51145
51147,Virginia,Prince Edward County,30.19,45,206,Southern Baptist Convention,51147
51149,Virginia,Prince George County,24.09,35,81.4,Assemblies of God,51149
51153,Virginia,Prince William County,41.03,265,55,Catholic Church,51153
51155,Virginia,Pulaski County,34.02,83,245.6,United Methodist Church,51155
51157,Virginia,Rappahannock County,38.75,20,272.2,Southern Baptist Convention,51157
51159,Virginia,Richmond County,49.98,28,313.8,Southern Baptist Convention,51159
51161,Virginia,Roanoke County,41.37,127,131,Non-denominational Christian Churches,51161
51163,Virginia,Rockbridge County,34.03,61,269.3,Non-denominational Christian Churches,51163
51165,Virginia,Rockingham County,47.96,179,213.7,Non-denominational Christian Churches,51165
51167,Virginia,Russell County,47.29,65,252.1,Southern Baptist Convention,51167
51169,Virginia,Scott County,41.43,71,329.1,Southern Baptist Convention,51169
51171,Virginia,Shenandoah County,40.61,121,273.8,United Methodist Church,51171
51173,Virginia,Smyth County,35.52,93,312.1,Southern Baptist Convention,51173
51175,Virginia,Southampton County,48.46,48,266.7,Southern Baptist Convention,51175
51177,Virginia,Spotsylvania County,40.31,101,72.1,Southern Baptist Convention,51177
51179,Virginia,Stafford County,30.63,109,69.5,Non-denominational Christian Churches,51179
51181,Virginia,Surry County,49.26,24,365.8,Non-denominational Christian Churches,51181
51183,Virginia,Sussex County,36.9,29,267.8,United Methodist Church,51183
51185,Virginia,Tazewell County,31.48,124,306.7,United Methodist Church,51185
51187,Virginia,Warren County,38.67,48,117.9,Catholic Church,51187
51191,Virginia,Washington County,54.66,124,229.9,Non-denominational Christian Churches,51191
51193,Virginia,Westmoreland County,43.66,33,178.6,Southern Baptist Convention,51193
51195,Virginia,Wise County,30.44,93,257.4,Southern Baptist Convention,51195
51197,Virginia,Wythe County,48.01,94,332.3,Non-denominational Christian Churches,51197
51199,Virginia,York County,45.53,63,89.9,Southern Baptist Convention,51199
51510,Virginia,Alexandria city,39.82,95,59.6,Catholic Church,51510
51520,Virginia,Bristol city,105.33,46,267.1,Non-denominational Christian Churches,51520
51530,Virginia,Buena Vista city,82.16,25,376.4,Church of Jesus Christ of Latter-day Saints,51530
51540,Virginia,Charlottesville city,80.62,69,148.2,Catholic Church,51540
51550,Virginia,Chesapeake city,44.79,218,87.4,Non-denominational Christian Churches,51550
51570,Virginia,Colonial Heights city,107.97,25,137.6,Southern Baptist Convention,51570
51580,Virginia,Covington city,81.75,29,505.5,United Methodist Church,51580
51590,Virginia,Danville city,72.76,94,220.7,Non-denominational Christian Churches,51590
51595,Virginia,Emporia city,81.89,26,450.9,Non-denominational Christian Churches,51595
51600,Virginia,Fairfax city,94.21,42,173.9,Catholic Church,51600
51610,Virginia,Falls Church city,97.44,10,68.2,Catholic Church,51610
51620,Virginia,Franklin city,108.51,23,281.2,Non-denominational Christian Churches,51620
51630,Virginia,Fredericksburg city,132.84,53,189.4,Catholic Church,51630
51640,Virginia,Galax city,73.93,23,342.3,Non-denominational Christian Churches,51640
51650,Virginia,Hampton city,52.32,148,107.9,Southern Baptist Convention,51650
51660,Virginia,Harrisonburg city,56.23,74,142.8,Non-denominational Christian Churches,51660
51670,Virginia,Hopewell city,45.4,39,169.3,Southern Baptist Convention,51670
51678,Virginia,Lexington city,92.06,17,232.2,Non-denominational Christian Churches,51678
51680,Virginia,Lynchburg city,71.89,122,154.4,Southern Baptist Convention,51680
51683,Virginia,Manassas city,86.24,36,84.2,Catholic Church,51683
51685,Virginia,Manassas Park city,11.07,3,17.4,Catholic Church,51685
51690,Virginia,Martinsville city,123.69,49,363.4,Non-denominational Christian Churches,51690
51700,Virginia,Newport News city,44.57,185,99.3,Non-denominational Christian Churches,51700
51710,Virginia,Norfolk city,47.76,270,113.4,Non-denominational Christian Churches,51710
51720,Virginia,Norton city,47.84,12,325.5,Southern Baptist Convention,51720
51730,Virginia,Petersburg city,88.72,73,218.2,Non-denominational Christian Churches,51730
51735,Virginia,Poquoson city,35.94,9,72.2,United Methodist Church,51735
51740,Virginia,Portsmouth city,51.29,115,117.4,Non-denominational Christian Churches,51740
51750,Virginia,Radford city,50.38,24,149.3,Non-denominational Christian Churches,51750
51760,Virginia,Richmond city,71.65,300,132.4,Catholic Church,51760
51770,Virginia,Roanoke city,69.22,185,185,Southern Baptist Convention,51770
51775,Virginia,Salem city,74.62,42,165.7,Southern Baptist Convention,51775
51790,Virginia,Staunton city,59.23,65,252.4,Catholic Church,51790
51800,Virginia,Suffolk city,34.29,95,100.7,Non-denominational Christian Churches,51800
51810,Virginia,Virginia Beach city,38.01,265,57.7,Catholic Church,51810
51820,Virginia,Waynesboro city,67.87,51,229.8,Catholic Church,51820
51830,Virginia,Williamsburg city,49.28,19,123.2,United Methodist Church,51830
51840,Virginia,Winchester city,76.37,45,160,Catholic Church,51840
53001,Washington,Adams County,53.71,38,184.3,Catholic Church,53001
53003,Washington,Asotin County,28.24,26,116.7,Catholic Church,53003
53005,Washington,Benton County,53.51,185,89.4,Non-denominational Christian Churches,53005
53007,Washington,Chelan County,65.97,97,122.7,Non-denominational Christian Churches,53007
53009,Washington,Clallam County,35.68,89,115.4,Non-denominational Christian Churches,53009
53011,Washington,Clark County,39.1,322,64,Non-denominational Christian Churches,53011
53013,Washington,Columbia County,26.82,12,303.6,Catholic Church,53013
53015,Washington,Cowlitz County,36.72,116,104.8,Non-denominational Christian Churches,53015
53017,Washington,Douglas County,28.31,43,100.1,Catholic Church,53017
53019,Washington,Ferry County,30.04,19,264.7,Catholic Church,53019
53021,Washington,Franklin County,50.36,79,81.7,Catholic Church,53021
53023,Washington,Garfield County,42.21,6,262.5,Catholic Church,53023
53025,Washington,Grant County,50.97,123,124.1,Catholic Church,53025
53027,Washington,Grays Harbor County,28.42,92,121.6,Non-denominational Christian Churches,53027
53029,Washington,Island County,55.76,66,76,Non-denominational Christian Churches,53029
53031,Washington,Jefferson County,20.74,38,115.2,Catholic Church,53031
53033,Washington,King County,39.07,1467,64.6,Catholic Church,53033
53035,Washington,Kitsap County,44.13,218,79.1,Non-denominational Christian Churches,53035
53037,Washington,Kittitas County,25.53,44,99.2,Catholic Church,53037
53039,Washington,Klickitat County,24.88,37,162.7,Catholic Church,53039
53041,Washington,Lewis County,36.68,103,125.4,Non-denominational Christian Churches,53041
53043,Washington,Lincoln County,37.85,32,294.2,Non-denominational Christian Churches,53043
53045,Washington,Mason County,26.53,52,79.1,Catholic Church,53045
53047,Washington,Okanogan County,34.98,87,206.6,Catholic Church,53047
53049,Washington,Pacific County,30.06,42,179.8,Non-denominational Christian Churches,53049
53051,Washington,Pend Oreille County,34,24,179.1,Non-denominational Christian Churches,53051
53053,Washington,Pierce County,44.57,630,68.4,Non-denominational Christian Churches,53053
53055,Washington,San Juan County,23.61,28,157.4,Catholic Church,53055
53057,Washington,Skagit County,38.57,137,105.8,Non-denominational Christian Churches,53057
53059,Washington,Skamania County,19.86,14,116.3,Non-denominational Christian Churches,53059
53061,Washington,Snohomish County,42.89,552,66.7,Non-denominational Christian Churches,53061
53063,Washington,Spokane County,42.41,446,82.7,Non-denominational Christian Churches,53063
53065,Washington,Stevens County,32.81,73,157.2,Non-denominational Christian Churches,53065
53067,Washington,Thurston County,36.55,208,70.6,Non-denominational Christian Churches,53067
53069,Washington,Wahkiakum County,31.18,10,226.1,Non-denominational Christian Churches,53069
53071,Washington,Walla Walla County,39.98,74,118.2,Seventh-day Adventist Church,53071
53073,Washington,Whatcom County,43.7,217,95.7,Non-denominational Christian Churches,53073
53075,Washington,Whitman County,30.85,76,158.4,Non-denominational Christian Churches,53075
53077,Washington,Yakima County,46.52,249,97,Catholic Church,53077
54001,West Virginia,Barbour County,44.42,57,368.6,Non-denominational Christian Churches,54001
54003,West Virginia,Berkeley County,27.63,119,97.5,Non-denominational Christian Churches,54003
54005,West Virginia,Boone County,23.51,60,275.1,American Baptist Churches in the USA,54005
54007,West Virginia,Braxton County,44.02,51,409.7,American Baptist Churches in the USA,54007
54009,West Virginia,Brooke County,29.33,50,221.6,Catholic Church,54009
54011,West Virginia,Cabell County,50.88,156,165.3,Non-denominational Christian Churches,54011
54013,West Virginia,Calhoun County,27.08,21,337.1,Non-denominational Christian Churches,54013
54015,West Virginia,Clay County,26.94,23,285.7,American Baptist Churches in the USA,54015
54017,West Virginia,Doddridge County,24.08,16,204.9,Non-denominational Christian Churches,54017
54019,West Virginia,Fayette County,35.66,121,298.9,American Baptist Churches in the USA,54019
54021,West Virginia,Gilmer County,26.2,28,378,American Baptist Churches in the USA,54021
54023,West Virginia,Grant County,36.65,41,373.5,United Methodist Church,54023
54025,West Virginia,Greenbrier County,43.85,112,339.6,Non-denominational Christian Churches,54025
54027,West Virginia,Hampshire County,28.84,63,272.8,United Methodist Church,54027
54029,West Virginia,Hancock County,48.55,52,178.7,Catholic Church,54029
54031,West Virginia,Hardy County,44,53,370.7,Church of the Brethren,54031
54033,West Virginia,Harrison County,57.93,160,242.7,Non-denominational Christian Churches,54033
54035,West Virginia,Jackson County,47.81,61,219.5,Non-denominational Christian Churches,54035
54037,West Virginia,Jefferson County,33.43,70,121.3,Catholic Church,54037
54039,West Virginia,Kanawha County,40.8,360,199.2,Non-denominational Christian Churches,54039
54041,West Virginia,Lewis County,31.4,47,275.9,United Methodist Church,54041
54043,West Virginia,Lincoln County,17.46,47,229.7,American Baptist Churches in the USA,54043
54045,West Virginia,Logan County,25.5,92,282.5,"Church of God (Cleveland, Tennessee)",54045
54047,West Virginia,McDowell County,21.96,73,382,"Church of God (Cleveland, Tennessee)",54047
54049,West Virginia,Marion County,46.75,126,224.2,Non-denominational Christian Churches,54049
54051,West Virginia,Marshall County,37.4,68,222.3,Catholic Church,54051
54053,West Virginia,Mason County,23.32,55,216.1,United Methodist Church,54053
54055,West Virginia,Mercer County,51.72,132,221.2,Non-denominational Christian Churches,54055
54057,West Virginia,Mineral County,37.5,75,278.4,United Methodist Church,54057
54059,West Virginia,Mingo County,29.52,70,297,"Church of God (Cleveland, Tennessee)",54059
54061,West Virginia,Monongalia County,26.27,124,117.2,Catholic Church,54061
54063,West Virginia,Monroe County,25.99,45,363.6,United Methodist Church,54063
54065,West Virginia,Morgan County,26.04,33,193.4,United Methodist Church,54065
54067,West Virginia,Nicholas County,38.39,79,321.1,American Baptist Churches in the USA,54067
54069,West Virginia,Ohio County,53.23,71,167.4,Catholic Church,54069
54071,West Virginia,Pendleton County,63.47,55,895.3,United Methodist Church,54071
54073,West Virginia,Pleasants County,26.62,28,365.9,United Methodist Church,54073
54075,West Virginia,Pocahontas County,34.93,50,635.4,United Methodist Church,54075
54077,West Virginia,Preston County,32.36,106,309.8,Non-denominational Christian Churches,54077
54079,West Virginia,Putnam County,39.94,70,121.9,Non-denominational Christian Churches,54079
54081,West Virginia,Raleigh County,31.99,133,178.3,Non-denominational Christian Churches,54081
54083,West Virginia,Randolph County,36.76,74,264.9,United Methodist Church,54083
54085,West Virginia,Ritchie County,34.06,41,485.6,United Methodist Church,54085
54087,West Virginia,Roane County,22.04,46,327.9,American Baptist Churches in the USA,54087
54089,West Virginia,Summers County,24.97,30,250.9,Southern Baptist Convention,54089
54091,West Virginia,Taylor County,53.19,40,239.4,American Baptist Churches in the USA,54091
54093,West Virginia,Tucker County,46.73,36,532.4,United Methodist Church,54093
54095,West Virginia,Tyler County,31.57,33,397,United Methodist Church,54095
54097,West Virginia,Upshur County,32.63,65,272.9,United Methodist Church,54097
54099,West Virginia,Wayne County,27.85,84,215.5,Southern Baptist Convention,54099
54101,West Virginia,Webster County,17.26,23,274.5,Non-denominational Christian Churches,54101
54103,West Virginia,Wetzel County,46.03,63,436.2,Churches of Christ,54103
54105,West Virginia,Wirt County,33.4,19,365.8,American Baptist Churches in the USA,54105
54107,West Virginia,Wood County,49.35,176,208.8,Non-denominational Christian Churches,54107
54109,West Virginia,Wyoming County,36.56,80,374.1,Non-denominational Christian Churches,54109
55001,Wisconsin,Adams County,12.42,18,87.2,Catholic Church,55001
55003,Wisconsin,Ashland County,47.48,37,230.9,Catholic Church,55003
55005,Wisconsin,Barron County,50.69,90,192.7,Evangelical Lutheran Church in America,55005
55007,Wisconsin,Bayfield County,36.29,37,228.1,Catholic Church,55007
55009,Wisconsin,Brown County,54.6,178,66.2,Catholic Church,55009
55011,Wisconsin,Buffalo County,50.84,30,225.3,Evangelical Lutheran Church in America,55011
55013,Wisconsin,Burnett County,22.92,31,187.6,Evangelical Lutheran Church in America,55013
55015,Wisconsin,Calumet County,46.75,33,62.9,Catholic Church,55015
55017,Wisconsin,Chippewa County,38.7,80,120.7,Catholic Church,55017
55019,Wisconsin,Clark County,57.85,85,245.2,Catholic Church,55019
55021,Wisconsin,Columbia County,39.13,82,140.2,Catholic Church,55021
55023,Wisconsin,Crawford County,55.17,34,211,Catholic Church,55023
55025,Wisconsin,Dane County,36.63,389,69.3,Catholic Church,55025
55027,Wisconsin,Dodge County,44.09,102,114.1,Catholic Church,55027
55029,Wisconsin,Door County,55.61,52,173,Catholic Church,55029
55031,Wisconsin,Douglas County,30.52,47,106.1,Catholic Church,55031
55033,Wisconsin,Dunn County,47.74,69,151.8,Evangelical Lutheran Church in America,55033
55035,Wisconsin,Eau Claire County,41.2,115,108.8,Catholic Church,55035
55037,Wisconsin,Florence County,20.27,9,197.5,Catholic Church,55037
55039,Wisconsin,Fond du Lac County,56.92,103,98.9,Catholic Church,55039
55041,Wisconsin,Forest County,40.9,20,217.9,Catholic Church,55041
55043,Wisconsin,Grant County,54.55,94,181,Catholic Church,55043
55045,Wisconsin,Green County,31.42,45,121.3,Catholic Church,55045
55047,Wisconsin,Green Lake County,54.97,44,231.4,Catholic Church,55047
55049,Wisconsin,Iowa County,57.79,50,210.9,Catholic Church,55049
55051,Wisconsin,Iron County,43.33,11,179.2,Catholic Church,55051
55053,Wisconsin,Jackson County,34.5,44,208.1,Evangelical Lutheran Church in America,55053
55055,Wisconsin,Jefferson County,51.06,102,120.1,Wisconsin Evangelical Lutheran Synod,55055
55057,Wisconsin,Juneau County,36.88,39,146,Catholic Church,55057
55059,Wisconsin,Kenosha County,35.09,115,68,Catholic Church,55059
55061,Wisconsin,Kewaunee County,66.41,23,111.9,Catholic Church,55061
55063,Wisconsin,La Crosse County,42.76,104,86.1,Catholic Church,55063
55065,Wisconsin,Lafayette County,46.03,47,282.9,Catholic Church,55065
55067,Wisconsin,Langlade County,57.56,36,184.7,Catholic Church,55067
55069,Wisconsin,Lincoln County,54.74,43,151.3,Lutheran Church--Missouri Synod,55069
55071,Wisconsin,Manitowoc County,57.53,70,86,Catholic Church,55071
55073,Wisconsin,Marathon County,50.86,163,118.1,Catholic Church,55073
55075,Wisconsin,Marinette County,55.15,63,150.5,Catholic Church,55075
55077,Wisconsin,Marquette County,34,36,230.9,Lutheran Church--Missouri Synod,55077
55078,Wisconsin,Menominee County,24.39,4,94,Catholic Church,55078
55079,Wisconsin,Milwaukee County,52.49,788,83.9,Catholic Church,55079
55081,Wisconsin,Monroe County,42.39,84,181.5,Catholic Church,55081
55083,Wisconsin,Oconto County,44.61,51,130.9,Catholic Church,55083
55085,Wisconsin,Oneida County,38.48,53,140,Catholic Church,55085
55087,Wisconsin,Outagamie County,64.74,132,69.2,Catholic Church,55087
55089,Wisconsin,Ozaukee County,57.99,73,79.8,Catholic Church,55089
55091,Wisconsin,Pepin County,49.64,19,259.6,Catholic Church,55091
55093,Wisconsin,Pierce County,45.67,52,123.2,Catholic Church,55093
55095,Wisconsin,Polk County,37.16,84,186.8,Evangelical Lutheran Church in America,55095
55097,Wisconsin,Portage County,46.51,64,90.9,Catholic Church,55097
55099,Wisconsin,Price County,54.48,37,263.3,Catholic Church,55099
55101,Wisconsin,Racine County,41.72,170,86,Catholic Church,55101
55103,Wisconsin,Richland County,34.04,45,260.1,Catholic Church,55103
55105,Wisconsin,Rock County,38.22,174,106.3,Catholic Church,55105
55107,Wisconsin,Rusk County,33.4,38,267.8,Catholic Church,55107
55109,Wisconsin,St. Croix County,40.9,84,89.8,Catholic Church,55109
55111,Wisconsin,Sauk County,49.04,90,136.9,Catholic Church,55111
55113,Wisconsin,Sawyer County,36.89,39,215.8,Catholic Church,55113
55115,Wisconsin,Shawano County,55.05,84,205.5,Catholic Church,55115
55117,Wisconsin,Sheboygan County,54.95,144,122,Catholic Church,55117
55119,Wisconsin,Taylor County,58.24,37,185.8,Catholic Church,55119
55121,Wisconsin,Trempealeau County,59.14,52,169.1,Evangelical Lutheran Church in America,55121
55123,Wisconsin,Vernon County,55.5,94,306,Evangelical Lutheran Church in America,55123
55125,Wisconsin,Vilas County,34.34,42,182.2,Non-denominational Christian Churches,55125
55127,Wisconsin,Walworth County,41.29,108,101.4,Catholic Church,55127
55129,Wisconsin,Washburn County,29.78,36,216.6,Evangelical Lutheran Church in America,55129
55131,Wisconsin,Washington County,55.7,90,65.8,Catholic Church,55131
55133,Wisconsin,Waukesha County,60.27,280,68.8,Catholic Church,55133
55135,Wisconsin,Waupaca County,53.67,88,169.8,Catholic Church,55135
55137,Wisconsin,Waushara County,30.2,47,191.7,Catholic Church,55137
55139,Wisconsin,Winnebago County,44.61,140,81.5,Catholic Church,55139
55141,Wisconsin,Wood County,49.14,89,119.9,Catholic Church,55141
56001,Wyoming,Albany County,29.8,48,129.5,Catholic Church,56001
56003,Wyoming,Big Horn County,62.57,39,338.5,Church of Jesus Christ of Latter-day Saints,56003
56005,Wyoming,Campbell County,38.49,51,108.5,Catholic Church,56005
56007,Wyoming,Carbon County,46.82,42,288.9,Church of Jesus Christ of Latter-day Saints,56007
56009,Wyoming,Converse County,25.94,26,189.1,Catholic Church,56009
56011,Wyoming,Crook County,42.11,19,264.6,Church of Jesus Christ of Latter-day Saints,56011
56013,Wyoming,Fremont County,37.39,85,216.6,Catholic Church,56013
56015,Wyoming,Goshen County,25.53,24,192,Catholic Church,56015
56017,Wyoming,Hot Springs County,39.34,10,216.4,Church of Jesus Christ of Latter-day Saints,56017
56019,Wyoming,Johnson County,38.4,20,236.8,Catholic Church,56019
56021,Wyoming,Laramie County,32.09,111,110.4,Catholic Church,56021
56023,Wyoming,Lincoln County,65.24,53,270.7,Church of Jesus Christ of Latter-day Saints,56023
56025,Wyoming,Natrona County,40.72,87,108.8,Catholic Church,56025
56027,Wyoming,Niobrara County,32.14,10,405.4,Church of Jesus Christ of Latter-day Saints,56027
56029,Wyoming,Park County,46.65,62,209.3,Church of Jesus Christ of Latter-day Saints,56029
56031,Wyoming,Platte County,40,27,313.8,Catholic Church,56031
56033,Wyoming,Sheridan County,37.07,45,145.5,Catholic Church,56033
56035,Wyoming,Sublette County,29.95,20,229.1,Church of Jesus Christ of Latter-day Saints,56035
56037,Wyoming,Sweetwater County,45.09,54,127.7,Catholic Church,56037
56039,Wyoming,Teton County,44.95,22,94.3,Catholic Church,56039
56041,Wyoming,Uinta County,62.15,51,249.4,Church of Jesus Christ of Latter-day Saints,56041
56043,Wyoming,Washakie County,66.34,30,390.4,Church of Jesus Christ of Latter-day Saints,56043
56045,Wyoming,Weston County,36.17,20,292.5,Catholic Church,56045
